시료일련번호,조사지역일련번호,시추일련번호,골재종류,위도,경도,주소,시료지점명
1,1,1,하천,34.8302583,126.5821056,전라남도 무안군 일로읍 청호리,무안하천-001
2,1,2,하천,34.8460583,126.6044444,전라남도 무안군 일로읍 의산리,무안하천-002
3,1,3,하천,34.9410889,126.6750861,전라남도 무안군 청계면 복룡리,무안하천-003
4,1,4,하천,34.9214861,126.6677583,전라남도 무안군 몽탄면 당호리,무안하천-004
5,1,5,하천,34.9463,126.5919833,전라남도 무안군 몽탄면 몽강리,무안하천-005
6,1,6,하천,34.9565472,126.5830556,전라남도 무안군 몽탄면 이산리,무안하천-006
7,1,7,하천,34.9932806,126.6246306,전라남도 무안군 몽탄면 사창리,무안하천-007
14,2,8,육상,34.9237583,126.4919194,전라남도 무안군 일로읍 죽산리,무안육상-001
15,2,9,육상,34.8849917,126.5321111,전라남도 무안군 삼향면 용포리,무안육상-002
16,2,10,육상,34.8636528,126.5362361,전라남도 무안군 일로읍 월암리,무안육상-003
17,2,11,육상,34.9305944,126.6532833,전라남도 무안군 일로읍 구정리,무안육상-004
18,2,12,육상,34.9761444,126.6245833,전라남도 무안군 일로읍 월암리,무안육상-005
19,2,13,육상,34.8806278,126.5969639,전라남도 무안군 일로읍 용산리,무안육상-006
20,2,14,육상,34.8793556,126.5461222,전라남도 무안군 일로읍 산정리,무안육상-007
21,2,15,육상,34.9365583,126.6029028,전라남도 무안군 몽탄면 당호리,무안육상-008
22,2,16,육상,35.0093833,126.5434889,전라남도 무안군 몽탄면 당호리,무안육상-009
23,2,17,육상,35.0749056,126.5611139,전라남도 무안군 몽탄면 구산리,무안육상-010
24,2,18,육상,35.0657083,126.5665028,전라남도 무안군 몽탄면 학산리,무안육상-011
25,2,19,육상,34.9297944,126.5551639,전라남도 무안군 청계면 청계리,무안육상-012
26,2,20,육상,35.0391139,126.4692694,전라남도 무안군 무안읍 평용리,무안육상-013
27,2,21,육상,35.0439139,126.4917694,전라남도 무안군 현경면 동산리,무안육상-014
28,2,22,육상,35.0475944,126.4330361,전라남도 무안군 망운면 목동리,무안육상-015
29,2,23,육상,35.1090944,126.5124444,전라남도 무안군 현경면 수양리,무안육상-016
30,2,24,육상,35.1216556,126.6305694,전라남도 무안군 무안읍 고절리,무안육상-017
31,2,25,육상,34.9650528,126.3645278,전라남도 무안군 운남면 연리,무안육상-018
32,2,26,육상,35.0558111,126.4173056,전라남도 무안군 운남면 내리,무안육상-019
33,2,27,육상,35.2090444,126.4021389,전라남도 무안군 해제면 양월리,무안육상-020
34,2,28,육상,35.1185361,126.3018694,전라남도 무안군 해제면 천장리,무안육상-021
35,2,29,육상,35.1329111,126.4121833,전라남도 무안군 해제면 양간리,무안육상-022
36,2,30,육상,35.2485528,126.4329889,전라남도 무안군 해제면 양매리,무안육상-023
37,2,31,육상,35.2074806,126.3228694,전라남도 무안군 해제면 석룡리,무안육상-024
46,5,34,하천,35.9627778,127.1891667,전라북도 완주군 삼례읍 해전리,완주하천-001
47,5,35,하천,35.9925,127.1372222,전라북도 완주군 삼례읍 하리,완주하천-002
48,5,36,하천,36.0291667,127.2391667,전라북도 완주군 삼례읍 ,완주하천-003
49,5,37,하천,35.9744444,127.2344444,전라북도 완주군 삼례읍 ,완주하천-004
50,5,38,하천,36.0255556,127.2044444,전라북도 완주군 삼례읍 ,완주하천-005
51,5,39,하천,35.9394444,127.2730556,전라북도 완주군 용진면 ,완주하천-006
52,5,40,하천,35.9883333,127.3005833,전라북도 완주군 고산면 읍내리,완주하천-007
53,5,41,하천,36.0352778,127.2152778,전라북도 완주군 용진면 ,완주하천-008
54,5,42,하천,35.99,127.2963889,전라북도 완주군 용진면 ,완주하천-009
55,5,43,하천,35.8625,127.2555556,전라북도 완주군 용진면 ,완주하천-010
56,6,44,육상,35.9913889,127.2219444,전라북도 완주군 삼례읍 어전리,완주육상-001
57,6,45,육상,36.0336111,127.0430556,전라북도 완주군 삼례읍 해전리,완주육상-002
58,6,46,육상,35.9719444,127.0863889,전라북도 완주군 삼례읍 하리,완주육상-003
59,6,47,육상,35.9347222,127.2138889,전라북도 완주군 삼례읍 하리,완주육상-004
60,6,48,육상,35.9508333,127.2341667,전라북도 완주군 삼례읍 ,완주육상-005
61,6,49,육상,36.0513889,127.2405556,전라북도 완주군 삼례읍 ,완주육상-006
62,6,50,육상,36.0561111,127.1488889,전라북도 완주군 삼례읍 ,완주육상-007
63,6,51,육상,36.0230556,127.1297222,전라북도 완주군 삼례읍 ,완주육상-008
64,6,52,육상,35.9265556,127.2288889,전라북도 완주군 삼례읍 ,완주육상-009
65,6,53,육상,35.9297222,127.1561111,전라북도 완주군 삼례읍 ,완주육상-010
66,6,54,육상,35.9994444,127.2133333,전라북도 완주군 봉동읍 고천리,완주육상-011
67,6,55,육상,35.9425,127.1469444,전라북도 완주군 봉동읍 고천리,완주육상-012
68,6,56,육상,36.0355556,127.2219444,전라북도 완주군 봉동읍 성덕리,완주육상-013
70,6,58,육상,35.9747222,127.2222222,전라북도 완주군 봉동읍 ,완주육상-015
71,6,59,육상,35.9580556,127.27,전라북도 완주군 봉동읍 구미리,완주육상-016
72,6,60,육상,36.0486111,127.1836111,전라북도 완주군 봉동읍 ,완주육상-017
73,6,61,육상,36.0458333,127.2763889,전라북도 완주군 봉동읍 ,완주육상-018
74,6,62,육상,36.0808333,127.1705556,전라북도 완주군 봉동읍 율소리,완주육상-019
75,6,63,육상,36.0836111,127.3211111,전라북도 완주군 고산면 ,완주육상-020
76,6,64,육상,35.9975,127.3044444,전라북도 완주군 고산면 남봉리,완주육상-021
77,6,65,육상,35.9975,127.3044444,전라북도 완주군 고산면 ,완주육상-022
78,6,66,육상,36.1169444,127.2502778,전라북도 완주군 고산면 오산리,완주육상-023
79,6,67,육상,36.0705556,127.2211111,전라북도 완주군 고산면 삼기리,완주육상-024
80,6,68,육상,36.0041667,127.3552778,전라북도 완주군 고산면 ,완주육상-025
81,6,69,육상,35.9475,127.2727778,전라북도 완주군 용진면 ,완주육상-026
82,6,70,육상,35.8641667,127.2286111,전라북도 완주군 용진면 ,완주육상-027
83,6,71,육상,36.0141667,127.2180556,전라북도 완주군 고산면 ,완주육상-028
84,6,72,육상,36.0227778,127.2461111,전라북도 완주군 고산면 오산리,완주육상-029
85,6,73,육상,35.8591667,127.1475,전라북도 완주군 이서면 ,완주육상-030
86,6,74,육상,35.8894444,127.0566667,전라북도 완주군 이서면 갈산리,완주육상-031
98,7,75,산림,36.0493,127.4874972,전라북도 완주군 운주면 고당리,CS-013
117,10,92,육상,36.4366667,127.2916667,충청남도 연기군 금남면 감성리,연기육상-002
118,10,93,육상,36.4491667,127.2833333,충청남도 연기군 금남면 도암리,연기육상-003
119,10,94,육상,36.4647222,127.2730556,충청남도 연기군 금남면 대평리,연기육상-004
120,10,95,육상,36.4808333,127.2641667,충청남도 연기군 남면 나성리,연기육상-005
121,10,96,육상,36.4761111,127.2858333,충청남도 연기군 금남면 호탄리,연기육상-006
122,10,97,육상,36.4983333,127.3147222,충청남도 연기군 금남면 반곡리,연기육상-007
123,10,98,육상,36.4825,127.2766667,충청남도 연기군 남면 송담리,연기육상-008
124,10,99,육상,36.4963889,127.2966667,충청남도 연기군 남면 양화리,연기육상-009
125,10,100,육상,36.5513889,127.2975,충청남도 연기군 서면 봉암리,연기육상-010
126,10,101,육상,36.5602778,127.3,충청남도 연기군 서면 월하리,연기육상-011
127,10,102,육상,36.5572222,127.3177778,충청남도 연기군 동면 송용리,연기육상-012
128,10,103,육상,36.4052778,127.3163889,충청남도 연기군 동면 예양리,연기육상-013
129,10,104,육상,36.5705556,127.2763889,충청남도 연기군 서면 쌍전리,연기육상-014
130,10,105,육상,36.6344444,127.2438889,충청남도 연기군 전동면 석곡리,연기육상-015
131,10,106,육상,36.6605556,127.2172222,충청남도 연기군 전동면 미곡리,연기육상-016
132,10,107,육상,36.7141667,127.155,충청남도 연기군 소정면 소정리,연기육상-017
133,9,77,하천,36.4608333,127.2694444,충청남도 연기군 금남면 성덕리,연기하천-001
134,9,78,하천,36.4641667,127.2633333,충청남도 연기군 금남면 대평리,연기하천-002
135,9,79,하천,36.4741667,127.2672222,충청남도 연기군 남면 나성리,연기하천-003
136,9,80,하천,36.4758333,127.2822222,충청남도 연기군 금남면 대평리,연기하천-004
137,9,81,하천,36.4988889,127.3069444,충청남도 연기군 금남면 반곡리,연기하천-005
138,9,82,하천,36.5141667,127.3602778,충청남도 연기군 금남면 부용리,연기하천-006
139,9,83,하천,36.4844444,127.2877778,충청남도 연기군 남면 진의리,연기하천-007
140,9,84,하천,36.5130556,127.3219444,충청남도 연기군 금남면 봉기리,연기하천-008
141,9,85,하천,36.5127778,127.3313889,충청남도 연기군 금남면 봉기리,연기하천-009
142,9,86,하천,36.5161111,127.3227778,충청남도 연기군 남면 월산리,연기하천-010
143,9,87,하천,36.54,127.2972222,충청남도 연기군 남면 보통리,연기하천-011
144,9,88,하천,36.5483333,127.5483333,충청남도 연기군 동면 문주리,연기하천-012
145,9,89,하천,36.565,127.3097222,충청남도 연기군 동면 송용리,연기하천-013
146,9,90,하천,36.5777778,127.3061111,충청남도 연기군 동면 예양리,연기하천-014
163,13,110,하천,36.4748056,127.1193889,충청남도 공주시 쌍신동 ,공주하천-001
164,13,111,하천,36.4682778,127.1043611,충청남도 공주시 우성면 옥성리,공주하천-002
165,13,112,하천,36.4530556,127.087,충청남도 공주시 웅진동 ,공주하천-003
166,13,113,하천,36.4386944,127.0637222,충청남도 공주시 검상동 ,공주하천-004
167,13,114,하천,36.39175,127.02275,충청남도 공주시 사곡면 운암리,공주하천-005
168,13,115,하천,36.3509722,127.02275,충청남도 공주시 탄천면 견동리,공주하천-006
170,14,117,육상,36.4773611,127.1293333,충청남도 공주시 쌍신동 ,공주육상-001
171,14,118,육상,36.5793333,126.9684444,충청남도 공주시 사곡면 신영리,공주육상-002
172,14,119,육상,36.5675278,126.9653611,충청남도 공주시 사곡면 신영리,공주육상-003
173,14,120,육상,36.5321667,126.9522778,충청남도 공주시 유구읍 만천리,공주육상-004
174,14,121,육상,36.5235278,126.9557778,충청남도 공주시 신풍면 동원리,공주육상-005
175,14,122,육상,36.5133611,126.9688889,충청남도 공주시 신풍면 백룡리,공주육상-006
176,14,123,육상,36.506,126.9859556,충청남도 공주시 신풍면 영정리,공주육상-007
177,14,124,육상,36.3012222,127.0781389,충청남도 공주시 탄천면 장선리,공주육상-008
179,14,126,육상,36.3480278,127.0108611,충청남도 공주시 계룡면 유평리,공주육상-010
180,14,127,육상,36.3382778,128.1441944,충청남도 공주시 계룡면 금대리,공주육상-011
181,14,128,육상,36.3308333,127.1450556,충청남도 공주시 계룡면 상성리,공주육상-012
182,14,129,육상,36.32175,127.1436667,충청남도 공주시 계룡면 경천리,공주육상-013
183,14,130,육상,36.3159167,127.1430833,충청남도 공주시 계룡면 월곡리,공주육상-014
184,14,131,육상,36.3167222,127.1348056,충청남도 공주시 계룡면 화헌리,공주육상-015
185,14,132,육상,36.41025,127.26625,충청남도 공주시 탄천면 송학리,공주육상-016
186,14,133,육상,36.5089444,127.1936111,충청남도 공주시 장기면 도계리,공주육상-017
187,14,134,육상,36.5031944,127.1332222,충청남도 공주시 의당면 수촌리,공주육상-018
188,14,135,육상,36.5183333,127.1276944,충청남도 공주시 의당면 수촌리,공주육상-019
189,14,136,육상,36.52475,127.1257778,충청남도 공주시 의당면 오인리,공주육상-020
190,14,137,육상,36.5404167,127.1225,충청남도 공주시 정안면 북계리,공주육상-021
191,14,138,육상,36.5413889,127.1189167,충청남도 공주시 정안면 북계리,공주육상-022
192,14,139,육상,36.417,127.1223889,충청남도 공주시 정안면 북계리,공주육상-023
193,14,140,육상,36.3930556,127.1171944,충청남도 공주시 쌍신동 ,공주육상-024
194,14,141,육상,36.49275,127.0914444,충청남도 공주시 우성면 도천리,공주육상-025
195,14,142,육상,36.4634167,127.08825,충청남도 공주시 우성면 옥성리,공주육상-026
196,14,143,육상,36.4742778,127.0789167,충청남도 공주시 우성면 상서리,공주육상-027
197,14,144,육상,36.4707778,127.0709167,충청남도 공주시 우성면 상서리,공주육상-028
198,14,145,육상,36.4676389,127.0684722,충청남도 공주시 우성면 상서리,공주육상-029
199,14,146,육상,36.4653333,127.0630556,충청남도 공주시 우성면 상서리,공주육상-030
200,14,147,육상,36.4869167,127.0339444,충청남도 공주시 사곡면 부곡리,공주육상-031
201,14,148,육상,36.4350556,127.0209722,충청남도 공주시 우성면 용봉리,공주육상-032
202,14,149,육상,36.4110556,127.0404167,충청남도 공주시 우성면 어천리,공주육상-033
203,14,150,육상,36.3810556,127.0806667,충청남도 공주시 이인면 용성리,공주육상-034
204,14,151,육상,36.5085556,127.1433889,충청남도 공주시 의당면 율정리,공주육상-035
404,26,328,산림,37.3218889,127.7706667,강원도 원주시 문막읍 취병리,JM-1
405,26,328,산림,37.3218889,127.7706667,강원도 원주시 문막읍 취병리,JM-2
406,26,328,산림,37.3218889,127.7706667,강원도 원주시 문막읍 취병리,JM-3
407,26,328,산림,37.3218889,127.7706667,강원도 원주시 문막읍 취병리,W-1-1
408,26,328,산림,37.3218889,127.7706667,강원도 원주시 문막읍 취병리,W-1-2
409,26,329,산림,37.1803889,127.7991667,강원도 원주시 문막읍 반계리,W-2
410,26,330,산림,37.3421111,127.7878611,강원도 원주시 부론면 정산리,W-3
411,26,331,산림,37.1969167,127.7993889,강원도 원주시 부론면 정산리,W-4
412,27,332,하천,36.8819444,127.4736111,충청북도 진천군 이월면 삼용리,JCR-1
413,27,333,하천,36.8783333,127.475,충청북도 진천군 덕산면 산수리,JCR-2
414,27,334,하천,36.8358333,127.4969444,충청북도 진천군 초평면 중석리,JCR-3
415,27,335,하천,36.7822222,127.4866667,충청북도 진천군 문백면 은탄리,JCR-4
416,27,336,하천,36.7763889,127.5063889,충청북도 진천군 초평면 연담리,JCR-5
417,27,337,하천,36.7652778,127.5105556,충청북도 진천군 초평면 진암리,JCR-6
424,28,338,육상,36.9261111,127.4452778,충청북도 진천군 이월면 장양리,JCA-1
425,28,339,육상,36.8861111,127.4675,충청북도 진천군 진천읍 가산리,JCA-2
426,28,340,육상,36.8916667,127.47,충청북도 진천군 이월면 삼용리,JCA-3
427,28,341,육상,36.8511111,127.5013889,충청북도 진천군 초평면 중석리,JCA-4
428,28,342,육상,36.84,127.5011111,충청북도 진천군 초평면 중석리,JCA-5
429,28,343,육상,36.8986111,127.5072222,충청북도 진천군 덕산면 한천리,JCA-6
430,28,344,육상,36.8905556,127.5058333,충청북도 진천군 덕산면 옥동리,JCA-7
431,28,345,육상,36.87,127.5091667,충청북도 진천군 초평면 오갑리,JCA-8
432,28,346,육상,36.8630556,127.4427778,충청북도 진천군 진천읍 장관리,JCA-9
433,28,347,육상,36.8527778,127.4663889,충청북도 진천군 진천읍 삼덕리,JCA-10
434,28,348,육상,36.8447222,127.4694444,충청북도 진천군 진천읍 신정리,JCA-11
435,28,349,육상,36.8372222,127.485,충청북도 진천군 문백면 장월리,JCA-12
436,28,350,육상,36.8605556,127.5522222,충청북도 진천군 초평면 영구리,JCA-13
437,28,351,육상,36.7780556,127.5608333,충청북도 진천군 초평면 용기리,JCA-14
438,28,352,육상,36.7725,127.5408333,충청북도 진천군 초평면 용산리,JCA-15
439,28,354,육상,36.775,127.4391667,충청북도 진천군 문백면 봉죽리,JCA-17
440,29,355,산림,36.8030556,127.4227778,충청북도 진천군 문백면 태락리,JCM-1
441,29,356,산림,36.8597222,127.3219444,충청북도 진천군 백곡면 대문리,JCM-20
442,29,356,산림,36.8597222,127.3219444,충청북도 진천군 백곡면 대문리,JCM-21
443,29,356,산림,36.8597222,127.3219444,충청북도 진천군 백곡면 대문리,JCM-2
444,29,357,산림,36.9197222,127.3088889,충청북도 진천군 백곡면 양백리,JCM-3
445,29,358,산림,36.8972222,127.3916667,충청북도 진천군 백곡면 명암리,JCM-4
446,51,359,하천,36.3252778,126.9652778,충청남도 부여군 부여읍 저석리,BYR-1
447,51,360,하천,36.3255556,126.9638889,충청남도 부여군 부여읍 저석리,BYR-2
448,51,361,하천,36.2583333,126.8988889,충청남도 부여군 부여읍 군수리,BYR-3
450,51,362,하천,36.2469444,126.9486111,충청남도 부여군 부여읍 현북리,BYR-4
451,51,363,하천,36.2452778,126.9536111,충청남도 부여군 부여읍 현북리,BYR-5
452,51,364,하천,36.2547222,126.9091667,충청남도 부여군 부여읍 왕포리,BYR-6
453,51,365,하천,36.2516667,126.9233333,충청남도 부여군 부여읍 중정리,BYR-7
454,51,366,하천,36.2527778,126.9325,충청남도 부여군 부여읍 중정리,BYR-8
455,51,367,하천,36.2011111,126.9758333,충청남도 부여군 석성면 봉정리,BYR-9
461,52,368,육상,36.32,126.9644444,충청남도 부여군 부여읍 저석리,BYL-1
462,52,370,육상,36.2547222,126.9172222,충청남도 부여군 부여읍 왕포리,BYL-3
463,52,374,육상,36.2366667,127.0238889,충청남도 부여군 석성면 증산리,BYL-7
464,53,380,산림,36.3713889,126.8225,충청남도 부여군 은산면 거전리,BYM-1
465,53,381,산림,36.2794444,127.0008333,충청남도 부여군 초촌면 신암리,BYM-2
466,53,382,산림,36.2247222,126.9180556,충청남도 부여군 장암면 북고리,BYM-3
467,53,383,산림,36.1994444,126.8202778,충청남도 부여군 장암면 점상리,BYM-4
562,17,154,육상,38.4327778,128.4452778,강원도 고성군 거진읍 자산리,KSA-1
563,17,155,육상,38.2580556,128.5458333,강원도 고성군 토성면 용암리,KSA-2
564,17,156,육상,38.2947222,128.5416667,강원도 고성군 죽왕면 야촌리,KSA-3
565,17,157,육상,38.4405556,128.4125,강원도 고성군 거진읍 송강리,KSA-4
566,17,158,육상,38.0913889,127.9941667,강원도 양구군 양구읍 송청리,YGA-1
567,17,159,육상,38.0811111,128.02,강원도 양구군 남면 도촌리,YGA-2
568,17,160,육상,38.1177778,128.0372222,강원도 양구군 남면 야촌리,YGA-3
569,17,161,육상,38.1475,128.0469444,강원도 양구군 남면 가오작리,YGA-4
570,17,162,육상,38.1925,127.9255556,강원도 양구군 방산면 금악리,YGA-5
571,17,163,육상,38.19,128.0444444,강원도 양구군 동면 원당리,YGA-7
572,17,164,육상,38.1544444,128.5725,강원도 양양군 강현면 강선리,YYA-1
573,17,172,육상,37.7275,127.7063889,강원도 춘천시 남산면 광판리,CCA-1
574,17,165,육상,38.1338889,128.2397222,강원도 인제군 북면 원통리,IJA-1
575,17,166,육상,38.1813889,128.2155556,강원도 인제군 서화면 서흥리,IJA-2
576,17,173,육상,37.6177778,127.7658333,강원도 홍천군 남면 양덕원리,HCA-1
577,17,175,육상,37.7066667,127.9225,강원도 홍천군 홍천읍 와동리,HCA-3
578,17,176,육상,37.7111111,128.1772222,강원도 홍천군 서석면 풍암리,HCA-4
579,17,177,육상,37.6230556,127.7661111,강원도 홍천군 남면 명동리,HCA-6
580,17,178,육상,38.1161111,127.6866667,강원도 화천군 상서면 신풍리,HWCA-1
581,17,167,육상,38.2422222,127.3677778,강원도 철원군 김화읍 청양리,CWA-1
582,17,168,육상,38.2658333,127.4605556,강원도 철원군 근남면 사곡리,CWA-2
583,17,169,육상,38.2463889,127.3808333,강원도 철원군 김화읍 청양리,CWA-3
584,17,170,육상,38.2511111,127.4383333,강원도 철원군 서면 와수리,CWA-4
585,17,171,육상,38.2730556,127.3547222,강원도 철원군 김화읍 도창리,CWA-5
599,31,181,육상,37.3991667,127.9344444,강원도 원주시 호저면 주산리,WJA-1
600,31,182,육상,37.4072222,127.8955556,강원도 원주시 호저면 무장리,WJA-2
601,31,183,육상,37.3058333,127.915,강원도 원주시 흥업면 흥업리,WJA-3
602,31,184,육상,37.2058333,128.095,강원도 원주시 신림면 용암리,WJA-4
603,31,185,육상,37.2680556,127.8275,강원도 원주시 문막읍 궁촌리,WJA-5
604,31,186,육상,37.4330556,127.8902778,강원도 원주시 호저면 산현리,WJA-6
605,31,187,육상,37.7766667,128.9275,강원도 강릉시 송정동 ,KRA-1
606,31,188,육상,37.7433333,128.9483333,강원도 강릉시 월호평동 ,KRA-2
607,31,190,육상,37.7316667,128.9838889,강원도 강릉시 강동면 안인리,KRA-4
608,31,191,육상,37.8316667,128.865,강원도 강릉시  ,KRA-5
609,31,192,육상,37.6838889,129.035,강원도 강릉시 강동면 정동진리,KRA-6
610,31,193,육상,37.5825,129.1005556,강원도 동해시 망상동 ,DHA-1
611,31,194,육상,37.3561111,129.2372222,강원도 삼척시 근덕면 부남리,SCHA-1
612,31,195,육상,37.2977778,129.2752778,강원도 삼척시 근덕면 매원리,SCHA-2
613,31,196,육상,37.1777778,129.3294444,강원도 삼척시 원덕읍 옥원리,SCHA-3
614,31,197,육상,37.1447222,129.3119444,강원도 삼척시 원덕읍 노경리,SCHA-4
615,31,199,육상,37.4272222,128.6536111,강원도 정선군 북평면 남평리,JSA-1
616,31,200,육상,37.4902778,128.8602778,강원도 정선군 임계면 임계리,JSA-2
617,31,203,육상,37.5936111,128.3819444,강원도 평창군 봉평면 평촌리,PCHA-1
618,31,204,육상,37.6083333,128.3766667,강원도 평창군 봉평면 창동리,PCHA-2
619,31,205,육상,37.5294444,128.4566667,강원도 평창군 대화면 신리,PCHA-3
620,31,201,육상,37.2847222,128.2475,강원도 영월군 수주면 도원리,YWA-1
621,31,202,육상,37.2869444,128.2755556,강원도 영월군 수주면 무릉리,YWA-2
649,34,206,육상,36.0061761,129.235399,경상북도 경주시 안강읍 안강리,KB02
650,34,207,육상,35.6615943,128.6995137,경상북도 청도군 화양읍 토평리,KB03
651,34,208,육상,35.7122607,128.2735639,경상북도 고령군 고령읍 고아리,KB04
652,34,209,육상,35.6874189,128.427188,대구광역시 달성군 현풍면 원교리,KB05
653,34,210,육상,35.7240837,129.3039333,경상북도 경주시 외동읍 연안리,KB06(3-6)
654,34,210,육상,35.7240837,129.3039333,경상북도 경주시 외동읍 연안리,KB06(6-9)
655,34,212,육상,35.9979894,129.3316835,경상북도 포항시 남구 연일읍 중단리,KB09
656,34,213,육상,35.9776167,129.4069659,경상북도 포항시 남구 일월동 ,KB10
657,34,215,육상,35.8058385,129.2525604,경상북도 경주시 남산동 ,KB12
658,34,216,육상,35.6366001,128.3917691,경상북도 고령군 우곡면 봉산리,KB13
659,34,217,육상,35.7891131,129.1983664,경상북도 경주시 탑동 ,KB14
660,34,218,육상,35.8736415,129.0731785,경상북도 경주시 서면 운대리,KB15
661,34,219,육상,35.9207821,128.9117064,경상북도 영천시 금호읍 황정리,KB16
662,34,222,육상,35.8562066,128.3675812,경상북도 성주군 용암면 기산리,KB19
663,34,223,육상,35.7972672,128.4195426,대구광역시 달성군 옥포면 신당리,KB20
664,34,224,육상,35.950057,128.3037082,경상북도 성주군 월항면 안포리,KB21
665,34,225,육상,36.1159792,129.3608852,경상북도 포항시 북구 흥해읍 학성리,KB22
666,34,226,육상,35.74132,129.4797062,경상북도 경주시 양북면 구길리,KB23(5-9)
667,34,226,육상,35.74132,129.4797062,경상북도 경주시 양북면 구길리,KB23(9-15)
668,34,227,육상,36.0280398,128.9779175,경상북도 영천시 임고면 양평리,KB24
669,34,228,육상,36.2210179,128.563675,경상북도 군위군 군위읍 금구리,KB25
670,34,229,육상,36.2248707,128.3029551,경상북도 구미시 선산읍 이문리,KB26
671,34,230,육상,36.1539934,128.366031,경상북도 구미시 고아읍 괴평리,KB27
672,34,231,육상,36.0272506,128.3886673,경상북도 칠곡군 약목면 덕산리,KB28
673,34,232,육상,36.1658535,128.2073612,경상북도 김천시 개령면 양천리,KB29
674,34,233,육상,36.0778585,128.1144977,경상북도 김천시 조마면 신안리,KB30
675,34,234,육상,36.1365008,128.0552082,경상북도 김천시 대항면 대룡리,KB31
676,34,235,육상,36.3213886,128.2882648,경상북도 구미시 도개면 가산리,KB37
987,81,561,육상,37.045,126.9961111,경기도 평택시 고덕면 문곡리,KG98-1
988,81,562,육상,36.9711111,127.0055556,경기도 평택시 팽성읍 대추리,KG98-2
989,81,563,육상,37.4347222,127.3136111,경기도 광주시 초월읍 서하리,KG98-3
990,81,564,육상,37.0094444,127.0144444,경기도 평택시 오성면 신리,KG98-4
991,81,565,육상,37.3566667,127.2386111,경기도 용인시 처인구 모현면 일산리,KG98-5
992,81,566,육상,36.0922222,127.0166667,경기도 평택시 서탄면 회화리,KG98-6
993,81,567,육상,36.9658333,127.095,경기도 평택시 팽성읍 평궁리,KG98-7
994,81,568,육상,36.9686111,127.1686111,경기도 안성시 공도읍 ,KG98-8
995,81,569,육상,37.9669444,127.1888889,경기도 안성시 미양면 진촌리,KG98-9
996,81,570,육상,36.9769444,127.1941667,경기도 안성시 공도읍 웅교리,KG98-10
997,81,571,육상,36.9811111,127.2111111,경기도 안성시 미양면 후평리,KG98-11
998,81,572,육상,37.0341667,127.2080556,경기도 안성시 양성면 덕봉리,KG98-12
999,81,573,육상,37.0036111,127.3077778,경기도 안성시 보개면 동신리,KG98-13
1000,81,574,육상,36.99,127.2933333,경기도 안성시 금광면 ,KG98-14
1001,81,575,육상,37.1133333,126.8927778,경기도 화성시 향남읍 상신리,KG98-15
1002,81,576,육상,37.1566667,127.0013889,경기도 화성시 정남면 금복리,KG98-16
1003,81,577,육상,37.3536111,127.5855556,경기도 여주군 대신면 당산리,KG98-17
1004,81,578,육상,37.3094444,127.6811111,경기도 여주군 북내면 지내리,KG98-18
1005,81,579,육상,37.0997222,127.5238889,경기도 이천시 설성면 행죽리,KG98-19
1006,81,580,육상,37.0936111,127.5838889,경기도 이천시 장호원읍 어석리,KG98-20
1007,81,581,육상,37.1347222,127.6338889,경기도 이천시 장호원읍 노탑리,KG98-21
1008,81,582,육상,37.1697222,127.665,경기도 여주군 점동면 성신리,KG98-22
1009,81,583,육상,37.185,127.6827778,경기도 여주군 점동면 당진리,KG98-23
1010,81,584,육상,37.3166667,127.5222222,경기도 이천시 백사면 상용리,KG98-24
1011,81,585,육상,37.2966667,127.4880556,경기도 이천시 백사면 모전리,KG98-25
1012,81,586,육상,37.3305556,127.5336111,경기도 여주군 흥천면 다대리,KG98-26
1013,81,587,육상,37.2225,127.5269444,경기도 이천시 부발읍 응암리,KG98-27
1014,81,588,육상,37.2888889,127.5658333,경기도 여주군 능서면 신지리,KG98-28
1015,81,589,육상,37.3313889,127.5772222,경기도 여주군 능서면 내양리,KG98-29
1016,81,590,육상,37.1491667,127.2033333,경기도 용인시 처인구 이동면 시미리,KG98-30
1017,81,591,육상,37.1,127.4677778,경기도 안성시 일죽면 화곡리,KG98-31
1018,81,592,육상,37.3502778,127.575,경기도 여주군 능서면 내양리,KG98-32
1019,81,593,육상,37.2708333,127.5536111,경기도 여주군 능서면 마래리,KG98-33
1020,81,594,육상,37.3080556,127.5088889,경기도 이천시 백사면 우곡리,KG98-34
1032,84,595,하천,34.8008333,126.4691667,전라남도 무안군 일로읍 망월리,CL1 S32
1033,84,595,하천,34.8008333,126.4691667,전라남도 무안군 일로읍 망월리,CL1 S34
1034,84,595,하천,34.8008333,126.4691667,전라남도 무안군 일로읍 망월리,CL1 S35
1035,84,595,하천,34.8008333,126.4691667,전라남도 무안군 일로읍 망월리,CL1 S36
1036,84,595,하천,34.8008333,126.4691667,전라남도 무안군 일로읍 망월리,CL1 S37
1037,84,595,하천,34.8008333,126.4691667,전라남도 무안군 일로읍 망월리,CL1 S38
1038,84,596,하천,34.8416667,126.5530556,전라남도 영암군 시종면 신학리,CL2 S48
1039,84,596,하천,34.8416667,126.5530556,전라남도 영암군 시종면 신학리,CL2 S52
1040,84,596,하천,34.8416667,126.5530556,전라남도 영암군 시종면 신학리,CL2 S53
1041,84,596,하천,34.8416667,126.5530556,전라남도 영암군 시종면 신학리,CL2 S56
1042,84,596,하천,34.8416667,126.5530556,전라남도 영암군 시종면 신학리,CL2 S59
1043,84,596,하천,34.8416667,126.5530556,전라남도 영암군 시종면 신학리,CL2 S61
1044,84,597,하천,34.8966667,126.5463889,전라남도 나주시 동강면 대지리,CL3 S13
1045,84,598,하천,34.9716667,126.5397222,전라남도 나주시 동강면 장동리,CL4 S25
1046,84,598,하천,34.9716667,126.5397222,전라남도 나주시 동강면 장동리,CL4 S26
1047,84,598,하천,34.9716667,126.5397222,전라남도 나주시 동강면 장동리,CL4 S28
1048,84,598,하천,34.9716667,126.5397222,전라남도 나주시 동강면 장동리,CL4 S29
1049,84,599,하천,34.985,126.5730556,전라남도 함평군 학교면 월호리,CL5 S14
1050,84,599,하천,34.985,126.5730556,전라남도 함평군 학교면 월호리,CL5 S15
1051,84,599,하천,34.985,126.5730556,전라남도 함평군 학교면 월호리,CL5 S16
1052,84,600,하천,34.9925,126.655,전라남도 나주시 다시면 ,CL6 S2-15
1053,84,600,하천,34.9925,126.655,전라남도 나주시 다시면 ,CL6 S2-16
1054,84,601,하천,35.0055556,126.7211111,전라남도 나주시 영산동 ,CL7 S1
1055,84,601,하천,35.0055556,126.7211111,전라남도 나주시 영산동 ,CL7 S3
1056,84,601,하천,35.0055556,126.7211111,전라남도 나주시 영산동 ,CL7 S4
1057,84,601,하천,35.0055556,126.7211111,전라남도 나주시 영산동 ,CL7 S5
1058,84,601,하천,35.0055556,126.7211111,전라남도 나주시 영산동 ,CL7 S9
1059,84,601,하천,35.0055556,126.7211111,전라남도 나주시 영산동 ,CL7 S10
1060,84,601,하천,35.0055556,126.7211111,전라남도 나주시 영산동 ,CL7 S11
1061,84,602,하천,35.0508333,126.7522222,전라남도 나주시 금천면 원곡리,CL8 S2
1062,84,602,하천,35.0508333,126.7522222,전라남도 나주시 금천면 원곡리,CL8 S5
1063,84,603,하천,35.0977778,126.8075,광주광역시 서구 용두동 ,CL9 S4-4
1064,84,603,하천,35.0977778,126.8075,광주광역시 서구 용두동 ,CL9 S4-5
1065,84,605,하천,35.1861111,126.8561111,광주광역시 광산구 운남동 ,CL11 S4
1066,84,605,하천,35.1861111,126.8561111,광주광역시 광산구 운남동 ,CL11 S5
1067,84,605,하천,35.1861111,126.8561111,광주광역시 광산구 운남동 ,CL11 S7
1068,84,606,하천,35.2369444,126.8694444,광주광역시 북구 오룡동 ,CL12 S2
1069,84,606,하천,35.2369444,126.8694444,광주광역시 북구 오룡동 ,CL12 S4
1070,84,607,하천,35.2444444,126.8894444,광주광역시 북구 지야동 ,CL13 S4
1071,84,608,하천,35.2669444,126.9358333,전라남도 담양군 봉산면 삼지리,CL14 S1
1072,84,608,하천,35.2669444,126.9358333,전라남도 담양군 봉산면 삼지리,CL14 S2
1073,84,608,하천,35.2669444,126.9358333,전라남도 담양군 봉산면 삼지리,CL14 S3
1074,84,608,하천,35.2669444,126.9358333,전라남도 담양군 봉산면 삼지리,CL14 S5
1075,84,609,하천,35.0469444,126.8008333,전라남도 나주시 산포면 내기리,CL15 S5
1076,84,610,하천,35.0019444,126.8872222,전라남도 나주시 남평읍 오계리,CL16 S2
1077,84,610,하천,35.0019444,126.8872222,전라남도 나주시 남평읍 오계리,CL16 S3
1078,84,610,하천,35.0019444,126.8872222,전라남도 나주시 남평읍 오계리,CL16 S5
1079,84,610,하천,35.0019444,126.8872222,전라남도 나주시 남평읍 오계리,CL16 S6
1080,84,610,하천,35.0019444,126.8872222,전라남도 나주시 남평읍 오계리,CL16 S7
1081,84,611,하천,35.0130556,126.9447222,전라남도 화순군 능주면 원지리,CL17 S2
1082,84,612,하천,35.1747222,126.7433333,광주광역시 광산구 남산동 ,CL18 S3
1083,84,612,하천,35.1747222,126.7433333,광주광역시 광산구 남산동 ,CL18 S6
1084,84,612,하천,35.1747222,126.7433333,광주광역시 광산구 남산동 ,CL18 S7
1085,84,612,하천,35.1747222,126.7433333,광주광역시 광산구 남산동 ,CL18 S8
1086,84,613,하천,35.2705556,126.7566667,전라남도 장성군 황룡면 황룡리,CL19 S2
1087,84,614,하천,34.6447222,126.8163889,전라남도 강진군 군동면 석교리,CL20 S2
1088,84,614,하천,34.6447222,126.8163889,전라남도 강진군 군동면 석교리,CL20 S3
1089,84,615,하천,34.6577778,126.885,전라남도 장흥군 장흥읍 송암리,CL21 S3
1090,84,615,하천,34.6577778,126.885,전라남도 장흥군 장흥읍 송암리,CL21 S4
1091,84,615,하천,34.6577778,126.885,전라남도 장흥군 장흥읍 송암리,CL21 S7
1092,84,615,하천,34.6577778,126.885,전라남도 장흥군 장흥읍 송암리,CL21 S10
1093,84,615,하천,34.6577778,126.885,전라남도 장흥군 장흥읍 송암리,CL21 S13
1094,84,615,하천,34.6577778,126.885,전라남도 장흥군 장흥읍 송암리,CL21 S16
1095,84,615,하천,34.6577778,126.885,전라남도 장흥군 장흥읍 송암리,CL21 S18
1096,84,615,하천,34.6577778,126.885,전라남도 장흥군 장흥읍 송암리,CL21 S20
1097,84,615,하천,34.6577778,126.885,전라남도 장흥군 장흥읍 송암리,CL21 S23
1098,84,615,하천,34.6577778,126.885,전라남도 장흥군 장흥읍 송암리,CL21 S30
1099,84,615,하천,34.6577778,126.885,전라남도 장흥군 장흥읍 송암리,CL21 S32
1100,84,615,하천,34.6577778,126.885,전라남도 장흥군 장흥읍 송암리,CL21 S40
1101,84,615,하천,34.6577778,126.885,전라남도 장흥군 장흥읍 송암리,CL21 S46
1102,84,615,하천,34.6577778,126.885,전라남도 장흥군 장흥읍 송암리,CL21 S55
1103,84,615,하천,34.6577778,126.885,전라남도 장흥군 장흥읍 송암리,CL21 S59
1104,84,616,하천,34.9625,127.7611111,전라남도 광양시 태인동 ,CL22 S2
1105,84,616,하천,34.9625,127.7611111,전라남도 광양시 태인동 ,CL22 S5
1106,84,616,하천,34.9625,127.7611111,전라남도 광양시 태인동 ,CL22 S6
1107,84,616,하천,34.9625,127.7611111,전라남도 광양시 태인동 ,CL22 S7
1108,84,616,하천,34.9625,127.7611111,전라남도 광양시 태인동 ,CL22 S8
1109,84,616,하천,34.9625,127.7611111,전라남도 광양시 태인동 ,CL22 S11
1110,84,616,하천,34.9625,127.7611111,전라남도 광양시 태인동 ,CL22 S12
1111,84,616,하천,34.9625,127.7611111,전라남도 광양시 태인동 ,CL22 S13
1112,84,616,하천,34.9625,127.7611111,전라남도 광양시 태인동 ,CL22 S14
1113,84,616,하천,34.9625,127.7611111,전라남도 광양시 태인동 ,CL22 S15
1114,84,616,하천,34.9625,127.7611111,전라남도 광양시 태인동 ,CL22 S16
1115,84,616,하천,34.9625,127.7611111,전라남도 광양시 태인동 ,CL22 S17
1116,84,616,하천,34.9625,127.7611111,전라남도 광양시 태인동 ,CL22 S19
1117,84,616,하천,34.9625,127.7611111,전라남도 광양시 태인동 ,CL22 S25
1118,84,616,하천,34.9625,127.7611111,전라남도 광양시 태인동 ,CL22 S28
1119,84,616,하천,34.9625,127.7611111,전라남도 광양시 태인동 ,CL22 S32
1120,84,616,하천,34.9625,127.7611111,전라남도 광양시 태인동 ,CL22 S34
1121,84,616,하천,34.9625,127.7611111,전라남도 광양시 태인동 ,CL22 S35
1122,84,616,하천,34.9625,127.7611111,전라남도 광양시 태인동 ,CL22 S38
1123,84,616,하천,34.9625,127.7611111,전라남도 광양시 태인동 ,CL22 S39
1124,84,616,하천,34.9625,127.7611111,전라남도 광양시 태인동 ,CL22 S40
1125,84,617,하천,35.0075,127.7852778,전라남도 광양시 진월면 오사리,CL23 S2
1126,84,617,하천,35.0075,127.7852778,전라남도 광양시 진월면 오사리,CL23 S3
1127,84,617,하천,35.0075,127.7852778,전라남도 광양시 진월면 오사리,CL23 S6
1128,84,617,하천,35.0075,127.7852778,전라남도 광양시 진월면 오사리,CL23 S7
1129,84,617,하천,35.0075,127.7852778,전라남도 광양시 진월면 오사리,CL23 S9
1130,84,617,하천,35.0075,127.7852778,전라남도 광양시 진월면 오사리,CL23 S11
1131,84,617,하천,35.0075,127.7852778,전라남도 광양시 진월면 오사리,CL23 S13
1132,84,617,하천,35.0075,127.7852778,전라남도 광양시 진월면 오사리,CL23 S14
1133,84,617,하천,35.0075,127.7852778,전라남도 광양시 진월면 오사리,CL23 S2-1
1134,84,617,하천,35.0075,127.7852778,전라남도 광양시 진월면 오사리,CL23 S3-1
1135,84,617,하천,35.0075,127.7852778,전라남도 광양시 진월면 오사리,CL23 S6-1
1136,84,617,하천,35.0075,127.7852778,전라남도 광양시 진월면 오사리,CL23 S7-1
1137,84,617,하천,35.0075,127.7852778,전라남도 광양시 진월면 오사리,CL23 S9-1
1138,84,617,하천,35.0075,127.7852778,전라남도 광양시 진월면 오사리,CL23 S10-1
1139,84,618,하천,35.0525,127.7655556,전라남도 광양시 진월면 월길리,CL24 S1
1140,84,618,하천,35.0525,127.7655556,전라남도 광양시 진월면 월길리,CL24 S2
1141,84,618,하천,35.0525,127.7655556,전라남도 광양시 진월면 월길리,CL24 S3
1142,84,618,하천,35.0525,127.7655556,전라남도 광양시 진월면 월길리,CL24 S4
1143,84,618,하천,35.0525,127.7655556,전라남도 광양시 진월면 월길리,CL24 S10
1144,84,619,하천,35.1636111,127.6591667,경상남도 하동군 화개면 부춘리,CL25 S2
1145,84,619,하천,35.1636111,127.6591667,경상남도 하동군 화개면 부춘리,CL25 S4
1146,84,619,하천,35.1636111,127.6591667,경상남도 하동군 화개면 부춘리,CL25 S6
1147,84,619,하천,35.1636111,127.6591667,경상남도 하동군 화개면 부춘리,CL25 S7
1148,84,619,하천,35.1636111,127.6591667,경상남도 하동군 화개면 부춘리,CL25 S8
1149,84,619,하천,35.1636111,127.6591667,경상남도 하동군 화개면 부춘리,CL25 S9
1150,84,619,하천,35.1636111,127.6591667,경상남도 하동군 화개면 부춘리,CL25 S11
1151,84,619,하천,35.1636111,127.6591667,경상남도 하동군 화개면 부춘리,CL25 S14
1152,84,619,하천,35.1636111,127.6591667,경상남도 하동군 화개면 부춘리,CL25 S15
1153,84,619,하천,35.1636111,127.6591667,경상남도 하동군 화개면 부춘리,CL25 S17
1154,84,619,하천,35.1636111,127.6591667,경상남도 하동군 화개면 부춘리,CL25 S20
1155,84,619,하천,35.1636111,127.6591667,경상남도 하동군 화개면 부춘리,CL25 S21
1156,84,619,하천,35.1636111,127.6591667,경상남도 하동군 화개면 부춘리,CL25 S31
1157,84,619,하천,35.1636111,127.6591667,경상남도 하동군 화개면 부춘리,CL25 S33
1158,84,619,하천,35.1636111,127.6591667,경상남도 하동군 화개면 부춘리,CL25 S43
1159,84,619,하천,35.1636111,127.6591667,경상남도 하동군 화개면 부춘리,CL25 S44
1160,84,619,하천,35.1636111,127.6591667,경상남도 하동군 화개면 부춘리,CL25 S46
1161,84,620,하천,35.1916667,127.5441667,전라남도 구례군 간전면 간문리,CL26 S2
1162,84,620,하천,35.1916667,127.5441667,전라남도 구례군 간전면 간문리,CL26 S3
1163,84,620,하천,35.1916667,127.5441667,전라남도 구례군 간전면 간문리,CL26 S4
1164,84,620,하천,35.1916667,127.5441667,전라남도 구례군 간전면 간문리,CL26 S5
1165,84,620,하천,35.1916667,127.5441667,전라남도 구례군 간전면 간문리,CL26 S7
1166,84,620,하천,35.1916667,127.5441667,전라남도 구례군 간전면 간문리,CL26 S8
1167,84,621,하천,35.2125,127.48,전라남도 구례군 구례읍 봉남리,CL27 S3
1168,84,621,하천,35.2125,127.48,전라남도 구례군 구례읍 봉남리,CL27 S7
1169,84,621,하천,35.2125,127.48,전라남도 구례군 구례읍 봉남리,CL27 S10
1170,84,621,하천,35.2125,127.48,전라남도 구례군 구례읍 봉남리,CL27 S11
1171,84,622,하천,35.2875,127.3252778,전라남도 곡성군 곡성읍 대평리,CL28 S3
1172,84,622,하천,35.2875,127.3252778,전라남도 곡성군 곡성읍 대평리,CL28 S7
1173,84,622,하천,35.2875,127.3252778,전라남도 곡성군 곡성읍 대평리,CL28 S9
1174,84,622,하천,35.2875,127.3252778,전라남도 곡성군 곡성읍 대평리,CL28 S13
1175,84,623,하천,35.3158333,127.3119444,전라북도 남원시 금지면 하도리,CL29 S1
1176,84,623,하천,35.3158333,127.3119444,전라북도 남원시 금지면 하도리,CL29 S2
1177,84,623,하천,35.3158333,127.3119444,전라북도 남원시 금지면 하도리,CL29 S3
1178,84,623,하천,35.3158333,127.3119444,전라북도 남원시 금지면 하도리,CL29 S6
1179,84,624,하천,35.3327778,127.2211111,전라남도 곡성군 입면 제월리,CL30 S14
1180,84,624,하천,35.3327778,127.2211111,전라남도 곡성군 입면 제월리,CL30 S17
1181,84,624,하천,35.3327778,127.2211111,전라남도 곡성군 입면 제월리,CL30 S21
1182,84,624,하천,35.3327778,127.2211111,전라남도 곡성군 입면 제월리,CL30 S23
1183,84,624,하천,35.3327778,127.2211111,전라남도 곡성군 입면 제월리,CL30 S24
1184,84,624,하천,35.3327778,127.2211111,전라남도 곡성군 입면 제월리,CL30 S25
1185,84,624,하천,35.3327778,127.2211111,전라남도 곡성군 입면 제월리,CL30 S27
1186,84,624,하천,35.3327778,127.2211111,전라남도 곡성군 입면 제월리,CL30 S28
1187,84,625,하천,35.3816667,127.3363889,전라북도 남원시 주생면 지당리,CL31 S2
1188,84,625,하천,35.3816667,127.3363889,전라북도 남원시 주생면 지당리,CL31 S3
1189,84,625,하천,35.3816667,127.3363889,전라북도 남원시 주생면 지당리,CL31 S4
1190,84,625,하천,35.3816667,127.3363889,전라북도 남원시 주생면 지당리,CL31 S9
1191,84,626,하천,35.9097222,126.9005556,전라북도 김제시 공덕면 저산리,CL32 S6
1192,84,626,하천,35.9097222,126.9005556,전라북도 김제시 공덕면 저산리,CL32 S8
1193,84,626,하천,35.9097222,126.9005556,전라북도 김제시 공덕면 저산리,CL32 S12
1194,84,626,하천,35.9097222,126.9005556,전라북도 김제시 공덕면 저산리,CL32 S14
1195,84,626,하천,35.9097222,126.9005556,전라북도 김제시 공덕면 저산리,CL32 S17
1196,84,626,하천,35.9097222,126.9005556,전라북도 김제시 공덕면 저산리,CL32 S24
1197,84,627,하천,35.9116667,126.9225,전라북도 김제시 백구면 유강리,CL33 S11
1198,84,627,하천,35.9116667,126.9225,전라북도 김제시 백구면 유강리,CL33 S14
1199,84,627,하천,35.9116667,126.9225,전라북도 김제시 백구면 유강리,CL33 S17
1200,84,628,하천,35.8947222,126.9911111,전라북도 김제시 백구면 마산리,CL34 S1
1201,84,629,하천,35.8966667,127.0266667,전라북도 완주군 삼례읍 하리,CL35 S8
1202,84,631,하천,35.6897222,126.8561111,전라북도 정읍시 신태인읍 양괴리,CL37 S15
1772,49,662,육상,35.4966667,128.8104722,경상남도 밀양시 산외면 금천리,BH-2
1773,49,663,육상,35.4930278,128.8321111,경상남도 밀양시 단장면 미촌리,BH-3
1774,49,664,육상,35.4981111,128.7266667,경상남도 밀양시 부북면 오례리,BH-4
1775,49,665,육상,35.445,128.7903333,경상남도 밀양시 삼랑진읍 임천리,BH-5
1776,49,666,육상,35.4501389,128.7674167,경상남도 밀양시 상남면 기산리,BH-6
1777,49,667,육상,35.4224444,128.7835,경상남도 밀양시 상남면 평촌리,BH-7
1778,49,668,육상,35.3931111,128.7998056,경상남도 밀양시 삼랑진읍 미전리,BH-8
1779,49,669,육상,35.3778333,128.8005833,경상남도 밀양시 상남면 외산리,BH-9
1780,49,670,육상,35.3803056,128.7079167,경상남도 밀양시 초동면 금포리,BH-10
1781,49,671,육상,35.3619722,128.7417778,경상남도 밀양시 하남읍 백산리,BH-11
1782,49,672,육상,35.3631667,128.7824444,경상남도 밀양시 하남읍 명례리,BH-12
1783,49,673,육상,35.3884722,128.6807222,경상남도 밀양시 초동면 검암리,BH-13
1784,49,674,육상,35.4042222,128.6536389,경상남도 밀양시 초동면 명성리,BH-14
1785,49,675,육상,35.4563611,128.6556944,경상남도 밀양시 무안면 모로리,BH-15
1786,49,676,육상,35.5246389,128.6605278,경상남도 밀양시 무안면 내진리,BH-16
1797,48,677,하천,35.3545556,128.7912778,경상남도 밀양시 상남면 외산리,BH-17
1798,48,678,하천,35.3576944,128.7343333,경상남도 밀양시 하남읍 백산리,BH-18
1799,48,679,하천,35.4601111,128.7838611,경상남도 밀양시 상남면 예림리,BH-19
1800,48,680,하천,35.4803889,128.6609167,경상남도 밀양시 무안면 신법리,BH-20
1805,46,683,육상,35.8911111,128.4266667,대구광역시 달성군 하빈면 묘리,BH-5
1806,46,684,육상,35.8822222,128.4169444,대구광역시 달성군 하빈면 동곡리,BH-6
1807,46,685,육상,35.8605556,128.4030556,대구광역시 달성군 하빈면 봉촌리,BH-7
1808,46,688,육상,35.8022222,128.4341667,대구광역시 달성군 옥포면 신당리,BH-10
1809,46,690,육상,35.6836111,128.4347222,대구광역시 달성군 현풍면 원교리,BH-12
1810,45,692,하천,35.8494444,128.4002778,대구광역시 달성군 하빈면 동곡리,BH-1
1811,45,693,하천,35.8038889,128.4261111,대구광역시 달성군 옥포면 신당리,BH-2
1812,45,694,하천,35.7386111,128.4075,대구광역시 달성군 논공읍 하리,BH-3
1813,45,695,하천,35.7,128.3569444,대구광역시 달성군 구지면 도동리,BH-4
1814,45,696,하천,35.7786111,128.4077778,대구광역시 달성군 논공읍 금포리,BH-14
1815,45,697,하천,35.6608333,128.3791667,대구광역시 달성군 구지면 징리,BH-15
1828,47,698,산림,35.9108386,126.7246325,대구광역시 동구 매여동 ,BH-16
1829,47,699,산림,35.7418025,126.4414744,대구광역시 달성군 논공읍 하리,BH-17
1830,47,700,산림,35.7092725,126.6323339,대구광역시 달성군 가창면 우록리,BH-18
2038,91,750,하천,37.8097222,126.6916667,경기도 고양시 일산서구 구산동 ,KG1-4
2039,91,750,하천,37.8097222,126.6916667,경기도 고양시 일산서구 구산동 ,KG1-9
2040,91,750,하천,37.8097222,126.6916667,경기도 고양시 일산서구 구산동 ,KG1-13
2041,91,750,하천,37.8097222,126.6916667,경기도 고양시 일산서구 구산동 ,KG1-17
2042,91,750,하천,37.8097222,126.6916667,경기도 고양시 일산서구 구산동 ,KG1-21
2043,91,750,하천,37.8097222,126.6916667,경기도 고양시 일산서구 구산동 ,KG1-37
2044,91,751,하천,37.8,126.7138889,경기도 김포시  ,KG2-2
2045,91,751,하천,37.8,126.7138889,경기도 김포시  ,KG2-21
2046,91,751,하천,37.8,126.7138889,경기도 김포시  ,KG2-29
2047,91,751,하천,37.8,126.7138889,경기도 김포시  ,KG2-37
2087,91,752,하천,37.4166667,127.5305556,경기도 여주군 금사면 금사리,KG3-3
2088,91,752,하천,37.4166667,127.5305556,경기도 여주군 금사면 금사리,KG3-4
2089,91,752,하천,37.4166667,127.5305556,경기도 여주군 금사면 금사리,KG3-6
2090,91,753,하천,38.3736111,127.5527778,경기도 여주군 대신면 양촌리,KG4-1
2091,91,753,하천,38.3736111,127.5527778,경기도 여주군 대신면 양촌리,KG4-2
2092,91,754,하천,38.3513889,127.5722222,경기도 여주군 능서면 내양리,KG5-4
2093,91,754,하천,38.3513889,127.5722222,경기도 여주군 능서면 내양리,KG5-5
2094,91,755,하천,37.3,127.6166667,경기도 여주군 여주읍 하리,KG6-1
2095,91,756,하천,37.2861111,127.6708333,경기도 여주군 여주읍 연양리,KG7-1
2096,91,756,하천,37.2861111,127.6708333,경기도 여주군 여주읍 연양리,KG7-2
2097,91,758,하천,37.2777778,127.6833333,경기도 여주군 여주읍 신진리,KG9-1
2098,91,759,하천,37.2763889,127.6819444,경기도 여주군 여주읍 신진리,KG10-1
2099,91,759,하천,37.2763889,127.6819444,경기도 여주군 여주읍 신진리,KG10-2
2100,91,760,하천,37.2652778,127.6666667,경기도 여주군 강천면 가야리,KG11-1
2101,91,760,하천,37.2652778,127.6666667,경기도 여주군 강천면 가야리,KG11-2
2102,91,761,하천,37.2375,127.6666667,경기도 여주군 강천면 굴암리,KG12-1
2103,91,761,하천,37.2375,127.6666667,경기도 여주군 강천면 굴암리,KG12-2
2104,91,762,하천,37.2305556,127.6916667,경기도 여주군 강천면 굴암리,KG13-1
2105,91,762,하천,37.2305556,127.6916667,경기도 여주군 강천면 굴암리,KG13-2
2106,91,762,하천,37.2305556,127.6916667,경기도 여주군 강천면 굴암리,KG13-3
2107,91,763,하천,37.2416667,127.6972222,경기도 여주군 강천면 강천리,KG14-1
2108,91,763,하천,37.2416667,127.6972222,경기도 여주군 강천면 강천리,KG14-4
2109,91,764,하천,37.2208333,127.7055556,경기도 여주군 강천면 강천리,KG15-1
2110,91,764,하천,37.2208333,127.7055556,경기도 여주군 강천면 강천리,KG15-2
2111,91,765,하천,37.2277778,127.7055556,경기도 여주군 강천면 강천리,KG16-1
2112,91,765,하천,37.2277778,127.7055556,경기도 여주군 강천면 강천리,KG16-2
2113,91,765,하천,37.2277778,127.7055556,경기도 여주군 강천면 강천리,KG16-3
2114,91,766,하천,37.225,127.725,경기도 여주군 점동면 도리,KG17-1
2115,91,766,하천,37.225,127.725,경기도 여주군 점동면 도리,KG17-2
2116,91,766,하천,37.225,127.725,경기도 여주군 점동면 도리,KG17-3
2117,91,767,하천,37.2263889,127.725,경기도 여주군 점동면 도리,KG18-1
2118,91,767,하천,37.2263889,127.725,경기도 여주군 점동면 도리,KG18-2
2119,91,767,하천,37.2263889,127.725,경기도 여주군 점동면 도리,KG18-3
2120,91,767,하천,37.2263889,127.725,경기도 여주군 점동면 도리,KG18-4
2121,91,768,하천,37.225,127.75,경기도 여주군 점동면 삼합리,KG19-7
2122,91,769,하천,37.2194444,127.7416667,경기도 여주군 점동면 삼합리,KG20-1
2123,91,769,하천,37.2194444,127.7416667,경기도 여주군 점동면 삼합리,KG20-2
2124,91,770,하천,37.3361111,127.5480556,경기도 여주군 흥천면 효지리,KG21-1
2125,91,770,하천,37.3361111,127.5480556,경기도 여주군 흥천면 효지리,KG21-2
2126,91,770,하천,37.3361111,127.5480556,경기도 여주군 흥천면 효지리,KG21-3
2127,91,771,하천,37.3027778,127.5722222,경기도 이천시 백사면 ,KG22-1
2128,91,771,하천,37.3027778,127.5722222,경기도 이천시 백사면 ,KG22-2
2129,91,771,하천,37.3027778,127.5722222,경기도 이천시 백사면 ,KG22-3
2130,91,771,하천,37.3027778,127.5722222,경기도 이천시 백사면 ,KG22-4
2131,91,771,하천,37.3027778,127.5722222,경기도 이천시 백사면 ,KG22-5
2132,91,771,하천,37.3027778,127.5722222,경기도 이천시 백사면 ,KG22-6
2133,91,772,하천,37.1777778,127.6611111,경기도 이천시  ,KG23-1
2134,91,772,하천,37.1777778,127.6611111,경기도 이천시  ,KG23-3
2135,91,773,하천,37.1166667,127.6269444,경기도 이천시 장호원읍 풍계리,KG24-1
2136,91,773,하천,37.1166667,127.6269444,경기도 이천시 장호원읍 풍계리,KG24-2
2137,91,773,하천,37.1166667,127.6269444,경기도 이천시 장호원읍 풍계리,KG24-3
2138,91,773,하천,37.1166667,127.6269444,경기도 이천시 장호원읍 풍계리,KG24-4
2139,91,773,하천,37.1166667,127.6269444,경기도 이천시 장호원읍 풍계리,KG24-5
2140,91,773,하천,37.1166667,127.6269444,경기도 이천시 장호원읍 풍계리,KG24-6
2141,91,773,하천,37.1166667,127.6269444,경기도 이천시 장호원읍 풍계리,KG24-7
2142,91,773,하천,37.1166667,127.6269444,경기도 이천시 장호원읍 풍계리,KG24-8
2143,91,774,하천,37.2680556,127.2694444,경기도 여주군 강천면 ,KG25-1
2144,91,774,하천,37.2680556,127.2694444,경기도 여주군 강천면 ,KG25-2-1
2145,91,774,하천,37.2680556,127.2694444,경기도 여주군 강천면 ,KG25-2-2
2146,91,774,하천,37.2680556,127.2694444,경기도 여주군 강천면 ,KG25-4
2147,91,774,하천,37.2680556,127.2694444,경기도 여주군 강천면 ,KG25-8
2148,91,775,하천,37.7769444,127.5347222,경기도 가평군 가평읍 대곡리,KG26-1
2149,91,775,하천,37.7769444,127.5347222,경기도 가평군 가평읍 대곡리,KG26-2
2150,91,775,하천,37.7769444,127.5347222,경기도 가평군 가평읍 대곡리,KG26-3
2151,91,775,하천,37.7769444,127.5347222,경기도 가평군 가평읍 대곡리,KG26-4
2152,91,776,하천,38.0069444,127.9997222,경기도 연천군 전곡읍 마포리,KG27-1
2153,91,776,하천,38.0069444,127.9997222,경기도 연천군 전곡읍 마포리,KG27-2
2154,91,776,하천,38.0069444,127.9997222,경기도 연천군 전곡읍 마포리,KG27-3
2155,91,776,하천,38.0069444,127.9997222,경기도 연천군 전곡읍 마포리,KG27-4
2156,91,776,하천,38.0069444,127.9997222,경기도 연천군 전곡읍 마포리,KG27-6
2157,91,777,하천,38.0041667,127.2111111,경기도 포천시 영중면 영평리,KG28-1
2158,91,777,하천,38.0041667,127.2111111,경기도 포천시 영중면 영평리,KG28-2
2159,91,777,하천,38.0041667,127.2111111,경기도 포천시 영중면 영평리,KG28-3
2160,91,777,하천,38.0041667,127.2111111,경기도 포천시 영중면 영평리,KG28-4
2161,91,777,하천,38.0041667,127.2111111,경기도 포천시 영중면 영평리,KG28-5
2162,91,778,하천,37.9833333,127.0027778,경기도 평택시 오성면 교포리,KG29-10
2163,91,778,하천,37.9833333,127.0027778,경기도 평택시 오성면 교포리,KG29-11
2164,91,778,하천,37.9833333,127.0027778,경기도 평택시 오성면 교포리,KG29-12
2165,91,778,하천,37.9833333,127.0027778,경기도 평택시 오성면 교포리,KG29-13
2166,91,778,하천,37.9833333,127.0027778,경기도 평택시 오성면 교포리,KG29-14
2167,91,778,하천,37.9833333,127.0027778,경기도 평택시 오성면 교포리,KG29-15
2168,91,778,하천,37.9833333,127.0027778,경기도 평택시 오성면 교포리,KG29-16
2169,91,778,하천,37.9833333,127.0027778,경기도 평택시 오성면 교포리,KG29-18
2170,91,778,하천,37.9833333,127.0027778,경기도 평택시 오성면 교포리,KG29-19
2171,91,778,하천,37.9833333,127.0027778,경기도 평택시 오성면 교포리,KG29-20
2172,91,779,하천,37.9611111,127.1305556,경기도 안성시 공도읍 중복리,KG30-1
2173,91,779,하천,37.9611111,127.1305556,경기도 안성시 공도읍 중복리,KG30-2
2174,91,779,하천,37.9611111,127.1305556,경기도 안성시 공도읍 중복리,KG30-3
2175,91,779,하천,37.9611111,127.1305556,경기도 안성시 공도읍 중복리,KG30-4
2176,91,779,하천,37.9611111,127.1305556,경기도 안성시 공도읍 중복리,KG30-10
2177,91,779,하천,37.9611111,127.1305556,경기도 안성시 공도읍 중복리,KG30-11
2178,91,779,하천,37.9611111,127.1305556,경기도 안성시 공도읍 중복리,KG30-12
2179,91,779,하천,37.9611111,127.1305556,경기도 안성시 공도읍 중복리,KG30-13
2180,91,779,하천,37.9611111,127.1305556,경기도 안성시 공도읍 중복리,KG30-14
2181,91,779,하천,37.9611111,127.1305556,경기도 안성시 공도읍 중복리,KG30-15
2182,91,780,하천,37.0752778,126.9833333,경기도 평택시 서탄면 황구지리,KG31-5
2183,91,780,하천,37.0752778,126.9833333,경기도 평택시 서탄면 황구지리,KG31-6
2184,91,780,하천,37.0752778,126.9833333,경기도 평택시 서탄면 황구지리,KG31-7
2185,91,780,하천,37.0752778,126.9833333,경기도 평택시 서탄면 황구지리,KG31-8
2186,91,780,하천,37.0752778,126.9833333,경기도 평택시 서탄면 황구지리,KG31-9
2187,91,781,하천,37.125,127.1208333,경기도 용인시 처인구 남사면 봉명리,KG32-2
2307,94,782,하천,35.1091667,128.9494444,부산광역시 사하구  ,NK-1_1.5
2308,94,782,하천,35.1091667,128.9494444,부산광역시 사하구  ,NK-1_2.0
2309,94,782,하천,35.1091667,128.9494444,부산광역시 사하구  ,NK-1_6.3
2310,94,782,하천,35.1091667,128.9494444,부산광역시 사하구  ,NK-1_8.0
2311,94,782,하천,35.1091667,128.9494444,부산광역시 사하구  ,NK-1_8.3
2312,94,782,하천,35.1091667,128.9494444,부산광역시 사하구  ,NK-1_14.0
2313,94,782,하천,35.1091667,128.9494444,부산광역시 사하구  ,NK-1_14.5
2314,94,782,하천,35.1091667,128.9494444,부산광역시 사하구  ,NK-1_32.5
2315,94,782,하천,35.1091667,128.9494444,부산광역시 사하구  ,NK-1_38.0
2316,94,782,하천,35.1091667,128.9494444,부산광역시 사하구  ,NK-1_38.2
2317,94,782,하천,35.1091667,128.9494444,부산광역시 사하구  ,NK-1_50.0
2318,94,783,하천,35.2627778,129.0083333,경상남도 김해시 대동면 월촌리,NK-2_2.0
2319,94,783,하천,35.2627778,129.0083333,경상남도 김해시 대동면 월촌리,NK-2_3.8
2320,94,783,하천,35.2627778,129.0083333,경상남도 김해시 대동면 월촌리,NK-2_5.9
2321,94,783,하천,35.2627778,129.0083333,경상남도 김해시 대동면 월촌리,NK-2_9.5
2322,94,783,하천,35.2627778,129.0083333,경상남도 김해시 대동면 월촌리,NK-2_12.0
2323,94,783,하천,35.2627778,129.0083333,경상남도 김해시 대동면 월촌리,NK-2_15.0
2324,94,783,하천,35.2627778,129.0083333,경상남도 김해시 대동면 월촌리,NK-2_30.5
2325,94,783,하천,35.2627778,129.0083333,경상남도 김해시 대동면 월촌리,NK-2_35.0
2326,94,783,하천,35.2627778,129.0083333,경상남도 김해시 대동면 월촌리,NK-2_39.0
2327,94,784,하천,35.3522222,128.9238889,경상남도 김해시 상동면 감노리,NK-3_0.1
2328,94,784,하천,35.3522222,128.9238889,경상남도 김해시 상동면 감노리,NK-3_2.2
2329,94,784,하천,35.3522222,128.9238889,경상남도 김해시 상동면 감노리,NK-3_4.9
2330,94,784,하천,35.3522222,128.9238889,경상남도 김해시 상동면 감노리,NK-3_6.0
2331,94,784,하천,35.3522222,128.9238889,경상남도 김해시 상동면 감노리,NK-3_8.0
2332,94,784,하천,35.3522222,128.9238889,경상남도 김해시 상동면 감노리,NK-3_10.0
2333,94,784,하천,35.3522222,128.9238889,경상남도 김해시 상동면 감노리,NK-3_12.0
2334,94,784,하천,35.3522222,128.9238889,경상남도 김해시 상동면 감노리,NK-3_18.0
2335,94,785,하천,35.8877778,128.9077778,경상남도 밀양시 삼랑진읍 삼랑리,NK-4_0.5
2336,94,785,하천,35.8877778,128.9077778,경상남도 밀양시 삼랑진읍 삼랑리,NK-4_2.5
2337,94,785,하천,35.8877778,128.9077778,경상남도 밀양시 삼랑진읍 삼랑리,NK-4_4.5
2338,94,785,하천,35.8877778,128.9077778,경상남도 밀양시 삼랑진읍 삼랑리,NK-4_5.8
2339,94,785,하천,35.8877778,128.9077778,경상남도 밀양시 삼랑진읍 삼랑리,NK-4_8.3
2340,94,785,하천,35.8877778,128.9077778,경상남도 밀양시 삼랑진읍 삼랑리,NK-4_12.3
2341,94,785,하천,35.8877778,128.9077778,경상남도 밀양시 삼랑진읍 삼랑리,NK-4_14.8
2342,94,785,하천,35.8877778,128.9077778,경상남도 밀양시 삼랑진읍 삼랑리,NK-4_17.8
2343,94,786,하천,35.4669444,128.7791667,경상남도 밀양시 용평동 ,NK-5_3.6
2344,94,787,하천,35.3683333,128.6358333,경상남도 창원시 의창구 대산면 일동리,NK-6_0.5
2345,94,787,하천,35.3683333,128.6358333,경상남도 창원시 의창구 대산면 일동리,NK-6_3.2
2346,94,787,하천,35.3683333,128.6358333,경상남도 창원시 의창구 대산면 일동리,NK-6_6.5
2347,94,787,하천,35.3683333,128.6358333,경상남도 창원시 의창구 대산면 일동리,NK-6_9.0
2348,94,787,하천,35.3683333,128.6358333,경상남도 창원시 의창구 대산면 일동리,NK-6_12.0
2349,94,787,하천,35.3683333,128.6358333,경상남도 창원시 의창구 대산면 일동리,NK-6_15.0
2350,94,787,하천,35.3683333,128.6358333,경상남도 창원시 의창구 대산면 일동리,NK-6_20.0
2351,94,788,하천,35.3838889,128.5327778,경상남도 함안군 칠서면 이룡리,NK-7_3.2
2352,94,788,하천,35.3838889,128.5327778,경상남도 함안군 칠서면 이룡리,NK-7_6.3
2353,94,788,하천,35.3838889,128.5327778,경상남도 함안군 칠서면 이룡리,NK-7_9.3
2354,94,788,하천,35.3838889,128.5327778,경상남도 함안군 칠서면 이룡리,NK-7_12.1
2355,94,788,하천,35.3838889,128.5327778,경상남도 함안군 칠서면 이룡리,NK-7_15.3
2356,94,788,하천,35.3838889,128.5327778,경상남도 함안군 칠서면 이룡리,NK-7_18.3
2357,94,789,하천,35.2763889,128.2961111,경상남도 의령군 의령읍 대산리,NK-8_0.3
2358,94,789,하천,35.2763889,128.2961111,경상남도 의령군 의령읍 대산리,NK-8_2.3
2359,94,789,하천,35.2763889,128.2961111,경상남도 의령군 의령읍 대산리,NK-8_4.0
2360,94,789,하천,35.2763889,128.2961111,경상남도 의령군 의령읍 대산리,NK-8_5.0
2361,94,789,하천,35.2763889,128.2961111,경상남도 의령군 의령읍 대산리,NK-8_7.8
2362,94,789,하천,35.2763889,128.2961111,경상남도 의령군 의령읍 대산리,NK-8_10.3
2363,94,789,하천,35.2763889,128.2961111,경상남도 의령군 의령읍 대산리,NK-8_13.3
2364,94,789,하천,35.2763889,128.2961111,경상남도 의령군 의령읍 대산리,NK-8_15.3
2365,94,790,하천,35.4825,128.4233333,경상남도 의령군 낙서면 여의리,NK-9_0.3
2366,94,790,하천,35.4825,128.4233333,경상남도 의령군 낙서면 여의리,NK-9_2.8
2367,94,790,하천,35.4825,128.4233333,경상남도 의령군 낙서면 여의리,NK-9_5.8
2368,94,790,하천,35.4825,128.4233333,경상남도 의령군 낙서면 여의리,NK-9_9.4
2369,94,790,하천,35.4825,128.4233333,경상남도 의령군 낙서면 여의리,NK-9_12.3
2370,94,790,하천,35.4825,128.4233333,경상남도 의령군 낙서면 여의리,NK-9_16.1
2371,94,791,하천,35.5377778,128.3552778,경상남도 창녕군 이방면 현창리,NK-10_0.3
2372,94,791,하천,35.5377778,128.3552778,경상남도 창녕군 이방면 현창리,NK-10_2.8
2373,94,791,하천,35.5377778,128.3552778,경상남도 창녕군 이방면 현창리,NK-10_6.0
2374,94,791,하천,35.5377778,128.3552778,경상남도 창녕군 이방면 현창리,NK-10_9.0
2375,94,791,하천,35.5377778,128.3552778,경상남도 창녕군 이방면 현창리,NK-10_12.0
2376,94,792,하천,35.5666667,128.315,경상남도 합천군 적중면 죽고리,NK-11_0.3
2377,94,792,하천,35.5666667,128.315,경상남도 합천군 적중면 죽고리,NK-11_3.2
2378,94,792,하천,35.5666667,128.315,경상남도 합천군 적중면 죽고리,NK-11_9.0
2379,94,793,하천,35.5677778,128.2016667,경상남도 합천군 율곡면 제내리,NK-12_0.3
2380,94,793,하천,35.5677778,128.2016667,경상남도 합천군 율곡면 제내리,NK-12_3.3
2381,94,793,하천,35.5677778,128.2016667,경상남도 합천군 율곡면 제내리,NK-12_6.3
2382,94,793,하천,35.5677778,128.2016667,경상남도 합천군 율곡면 제내리,NK-12_9.8
2383,94,794,하천,35.6536111,128.3872222,대구광역시 달성군 구지면 화산리,NK-13_0.3
2384,94,795,하천,35.7466667,128.3977778,대구광역시 달성군 논공읍 상리,NK-14_0.3
2385,94,795,하천,35.7466667,128.3977778,대구광역시 달성군 논공읍 상리,NK-14_3.0
2386,94,795,하천,35.7466667,128.3977778,대구광역시 달성군 논공읍 상리,NK-14_6.0
2387,94,796,하천,35.8508333,128.3986111,경상북도 고령군 다산면 상곡리,NK-15_0.5
2388,94,796,하천,35.8508333,128.3986111,경상북도 고령군 다산면 상곡리,NK-15_3.1
2389,94,796,하천,35.8508333,128.3986111,경상북도 고령군 다산면 상곡리,NK-15_7.2
2390,94,796,하천,35.8508333,128.3986111,경상북도 고령군 다산면 상곡리,NK-15_10.0
2391,94,797,하천,35.9072222,128.4027778,경상북도 성주군 선남면 ,NK-16_0.5
2392,94,797,하천,35.9072222,128.4027778,경상북도 성주군 선남면 ,NK-16_9.0
2393,94,797,하천,35.9072222,128.4027778,경상북도 성주군 선남면 ,NK-16_11.4
2394,94,797,하천,35.9072222,128.4027778,경상북도 성주군 선남면 ,NK-16_13.0
2395,94,799,하천,35.9636111,129.2388889,경상북도 경주시 강동면 호명리,NK-18_4.0
2396,94,800,하천,35.8816667,128.2205556,경상북도 경주시  ,NK-19_0.5
2397,94,800,하천,35.8816667,128.2205556,경상북도 경주시  ,NK-19_2.8
2398,94,800,하천,35.8816667,128.2205556,경상북도 경주시  ,NK-19_3.8
2399,94,800,하천,35.8816667,128.2205556,경상북도 경주시  ,NK-19_4.8
2400,94,801,하천,34.0694444,128.3905556,경상북도 칠곡군 석적읍 남율리,NK-20_0.3
2401,94,801,하천,34.0694444,128.3905556,경상북도 칠곡군 석적읍 남율리,NK-20_3.0
2402,94,802,하천,36.0902778,128.1277778,경상북도 김천시 감천면 금송리,NK-21_0.3
2403,94,802,하천,36.0902778,128.1277778,경상북도 김천시 감천면 금송리,NK-21_6.3
2404,94,803,하천,36.1333333,128.3783333,경상북도 구미시 양호동 ,NK-22_0.2
2405,94,803,하천,36.1333333,128.3783333,경상북도 구미시 양호동 ,NK-22_1.0
2406,94,803,하천,36.1333333,128.3783333,경상북도 구미시 양호동 ,NK-22_4.2
2407,94,803,하천,36.1333333,128.3783333,경상북도 구미시 양호동 ,NK-22_6.3
2408,94,804,하천,36.2180556,128.3577778,경상북도 구미시 고아읍 관심리,NK-23_0.3
2409,94,806,하천,36.2594444,128.4905556,경상북도 군위군 소보면 봉황리,NK-25_0.1
2410,94,806,하천,36.2594444,128.4905556,경상북도 군위군 소보면 봉황리,NK-25_0.2
2411,94,806,하천,36.2594444,128.4905556,경상북도 군위군 소보면 봉황리,NK-25_0.3
2412,94,806,하천,36.2594444,128.4905556,경상북도 군위군 소보면 봉황리,NK-25_9.0
2413,94,807,하천,36.3975,128.2827778,경상북도 상주시 중동면 죽암리,NK-26_4.2
2414,94,808,하천,36.5211111,128.2711111,경상북도 예천군 풍양면 와룡리,NK-27_0.2
2415,94,809,하천,36.5069444,128.3675,경상북도 예천군 지보면 지보리,NK-28_3.0
2416,94,809,하천,36.5069444,128.3675,경상북도 예천군 지보면 지보리,NK-28_8.0
2417,94,810,하천,36.5394444,128.1444444,경상북도 안동시 풍천면 구담리,NK-29_0.3
2418,94,811,하천,36.6130556,128.4872222,경상북도 예천군 예천읍 ,NK-30_0.3
2419,94,811,하천,36.6130556,128.4872222,경상북도 예천군 예천읍 ,NK-30_3.0
2420,94,811,하천,36.6130556,128.4872222,경상북도 예천군 예천읍 ,NK-30_8.5
2421,94,812,하천,36.6502778,128.5138889,경상북도 예천군 보문면 신월리,NK-31_0.3
2422,94,812,하천,36.6502778,128.5138889,경상북도 예천군 보문면 신월리,NK-31_3.1
2423,94,812,하천,36.6502778,128.5138889,경상북도 예천군 보문면 신월리,NK-31_3.5
2424,94,812,하천,36.6502778,128.5138889,경상북도 예천군 보문면 신월리,NK-31_8.9
2425,94,812,하천,36.6502778,128.5138889,경상북도 예천군 보문면 신월리,NK-31_9.7
2426,94,812,하천,36.6502778,128.5138889,경상북도 예천군 보문면 신월리,NK-31_10.4
2564,97,813,하천,36.0477778,126.8155556,충청남도 서천군 화양면 완포리,GK-1_S3
2565,97,813,하천,36.0477778,126.8155556,충청남도 서천군 화양면 완포리,GK-1_S8
2566,97,813,하천,36.0477778,126.8155556,충청남도 서천군 화양면 완포리,GK-1_S14
2567,97,814,하천,36.1486111,127.9880556,충청남도 부여군 세도면 ,GK-2_S4
2568,97,814,하천,36.1486111,127.9880556,충청남도 부여군 세도면 ,GK-2_S9
2569,97,814,하천,36.1486111,127.9880556,충청남도 부여군 세도면 ,GK-2_S16
2572,97,815,하천,36.2530556,126.9286111,충청남도 부여군 부여읍 왕포리,GK-3_S8
2573,97,815,하천,36.2530556,126.9286111,충청남도 부여군 부여읍 왕포리,GK-3_S10
2574,97,816,하천,36.2555556,126.8994444,충청남도 부여군 부여읍 군수리,GK-4_S1
2575,97,816,하천,36.2555556,126.8994444,충청남도 부여군 부여읍 군수리,GK-4_S5
2577,97,817,하천,36.3030556,126.9272222,충청남도 부여군 부여읍 정동리,GK-5_S1
2578,97,817,하천,36.3030556,126.9272222,충청남도 부여군 부여읍 정동리,GK-5_S8
2579,97,818,하천,36.3086111,126.9313889,충청남도 부여군 부여읍 정동리,GK-6_S1
2580,97,818,하천,36.3086111,126.9313889,충청남도 부여군 부여읍 정동리,GK-6_S6
2582,97,819,하천,36.3275,126.9630556,충청남도 부여군 부여읍 저석리,GK-7_S11
2583,97,819,하천,36.3275,126.9630556,충청남도 부여군 부여읍 저석리,GK-7_S15
2584,97,820,하천,36.3275,126.9691667,충청남도 부여군 부여읍 저석리,GK-8_S1
2585,97,820,하천,36.3275,126.9691667,충청남도 부여군 부여읍 저석리,GK-8_S6
2588,97,843,하천,36.4638889,127.2625,충청남도 연기군 금남면 대평리,GK-31_S1
2589,97,843,하천,36.4638889,127.2625,충청남도 연기군 금남면 대평리,GK-31_S7
2590,97,844,하천,36.4722222,127.2658333,충청남도 연기군 남면 나성리,GK-32_S2
2591,97,844,하천,36.4722222,127.2658333,충청남도 연기군 남면 나성리,GK-32_S7
2592,97,845,하천,36.5133333,127.3619444,충청북도 청원군 부용면 ,GK-33_S0
2593,97,845,하천,36.5133333,127.3619444,충청북도 청원군 부용면 ,GK-33_S2
2594,97,845,하천,36.5133333,127.3619444,충청북도 청원군 부용면 ,GK-33_S5
2595,97,846,하천,36.5101389,127.3630556,충청북도 청원군 부용면 ,GK-34_S1
2596,97,846,하천,36.5101389,127.3630556,충청북도 청원군 부용면 ,GK-34_S3
2597,97,847,하천,36.2752778,127.6497222,충청북도 옥천군 이원면 ,GK-35_S0
2598,97,847,하천,36.2752778,127.6497222,충청북도 옥천군 이원면 ,GK-35_S2
2599,97,848,하천,36.2408333,127.7055556,충청북도 영동군 심천면 고당리,GK-36_S2
2600,97,849,하천,36.1625,127.8363889,충청북도 영동군 양강면 만계리,GK-37_S2
2601,97,850,하천,36.1119444,127.5672222,충청남도 금산군 제원면 저곡리,GK-38_S2
2602,97,850,하천,36.1119444,127.5672222,충청남도 금산군 제원면 저곡리,GK-38_S3
2603,97,851,하천,35.9983333,127.6236111,전라북도 무주군 무주읍 대차리,GK-39_S1
2604,97,851,하천,35.9983333,127.6236111,전라북도 무주군 무주읍 대차리,GK-39_S2
2605,97,852,하천,36.5505556,127.3027778,충청남도 연기군 서면 봉암리,MH-1_S1
2606,97,852,하천,36.5505556,127.3027778,충청남도 연기군 서면 봉암리,MH-1_S4
2609,97,853,하천,36.7291667,127.4819444,충청북도 청원군 오창읍 도암리,MH-2_S1
2610,97,853,하천,36.7291667,127.4819444,충청북도 청원군 오창읍 도암리,MH-2_S3
2611,97,854,하천,36.7886111,127.4794444,충청북도 진천군 초평면 연담리,MH-3_S0
2612,97,854,하천,36.7886111,127.4794444,충청북도 진천군 초평면 연담리,MH-3_S1
2613,97,854,하천,36.7886111,127.4794444,충청북도 진천군 초평면 연담리,MH-3_S3
2621,97,863,하천,36.8297222,127.8441667,충청북도 괴산군 감물면 오성리,DC-2_S1
2622,97,863,하천,36.8297222,127.8441667,충청북도 괴산군 감물면 오성리,DC-2_S7
2623,97,864,하천,36.7872222,127.8402778,충청북도 괴산군 칠성면 두천리,DC-3_S1
2624,97,864,하천,36.7872222,127.8402778,충청북도 괴산군 칠성면 두천리,DC-3_S2
2801,43,701,육상,34.9855556,126.6344444,전라남도 나주시 다시면 가흥리,나주육상-001
2802,43,703,육상,34.9755556,126.6438889,전라남도 나주시 왕곡면 옥곡리,나주육상-003
2803,43,704,육상,34.9716667,126.5455556,전라남도 나주시 동강면 양지리,나주육상-004
2804,43,705,육상,34.98,126.5858333,전라남도 나주시 공산면 신곡리,나주육상-005
2805,43,706,육상,34.9191667,126.5855556,전라남도 나주시 공산면 화성리,나주육상-006
2806,43,707,육상,34.8983333,126.5516667,전라남도 나주시 동강면 장동리,나주육상-007
2807,43,708,육상,34.9169444,126.6361111,전라남도 나주시 반남면 대안리,나주육상-008
2808,43,709,육상,34.9219444,126.6669444,전라남도 나주시 반남면 덕산리,나주육상-009
2809,43,710,육상,34.9711111,126.6408333,전라남도 나주시 왕곡면 월천리,나주육상-010
2810,43,713,육상,34.9794444,126.7091667,전라남도 나주시 왕곡면 장산리,나주육상-013
2811,43,714,육상,34.9838889,126.7330556,전라남도 나주시 부덕동 ,나주육상-014
2812,43,715,육상,34.9980556,126.7341667,전라남도 나주시 영산동 ,나주육상-015
2813,43,716,육상,35.0380556,126.5955556,전라남도 나주시 문평면 산호리,나주육상-016
2814,43,717,육상,34.9136111,126.5238889,전라남도 나주시 동강면 옥정리,나주육상-017
2815,43,718,육상,35.0466667,126.7969444,전라남도 나주시 산포면 내기리,나주육상-018
2816,43,719,육상,35.1063889,126.6980556,전라남도 나주시 노안면 계림리,나주육상-019
2817,43,720,육상,35.0863889,126.72,전라남도 나주시 노안면 용산리,나주육상-020
2818,43,721,육상,35.0683333,126.7308333,광주광역시 광산구 송촌동 ,나주육상-021
2819,43,722,육상,35.0372222,126.8291667,전라남도 나주시 남평읍 교촌리,나주육상-022
2820,43,724,육상,34.9013889,126.6708333,전라남도 나주시 반남면 ,나주육상-024
2821,43,726,육상,35.0102778,126.7516667,전라남도 나주시 금천면 고동리,나주육상-026
2822,42,728,하천,35.0311111,126.8580556,전라남도 나주시 남평읍 남석리,나주하천-001
2823,42,730,하천,35.0530556,126.7675,전라남도 나주시 산포면 ,나주하천-003
2824,42,731,하천,35.0563889,126.7583333,전라남도 나주시 산포면 ,나주하천-004
2825,42,732,하천,35.0366667,126.7358333,전라남도 나주시 금천면 원곡리,나주하천-005
2826,42,733,하천,35.0113889,126.7355556,전라남도 나주시 토계동 ,나주하천-006
2827,42,734,하천,34.9983333,126.6947222,전라남도 나주시  ,나주하천-007
2828,42,735,하천,35.0013889,126.6766667,전라남도 나주시 진포동 ,나주하천-008
2829,42,736,하천,34.9811111,126.6463889,전라남도 나주시 다시면 가흥리,나주하천-009
2830,42,737,하천,34.9777778,126.6119444,전라남도 나주시 다시면 죽산리,나주하천-010
2831,42,738,하천,34.9858333,126.6011111,전라남도 나주시 다시면 동당리,나주하천-011
2832,42,739,하천,34.985,126.5630556,전라남도 나주시 동강면 운산리,나주하천-012
2833,42,740,하천,34.8733333,126.5630556,전라남도 나주시 동강면 장동리,나주하천-013
2840,102,865,하천,37.8658333,127.0372222,경기도 양주시 은현면 용암리,YRC-03
2841,102,866,하천,37.8588889,127.0513889,경기도 양주시 은현면 용암리,YRC-05
2842,103,868,육상,37.8358333,127.0611111,경기도 양주시 덕정동 ,YLC-04
2843,103,869,육상,37.8616667,127.0580556,경기도 양주시 은현면 용암리,YLC-06
2844,103,870,육상,37.8722222,127.0058333,경기도 양주시 남면 상수리,YLC-08
2845,103,871,육상,37.8888889,127.0013889,경기도 양주시 남면 입암리,YLC-09
2846,103,872,육상,37.8875,126.97,경기도 양주시 남면 매곡리,YLC-10
2847,103,875,육상,37.8405556,126.9888889,경기도 양주시 광적면 덕도리,YLC-13
2848,103,876,육상,37.8083333,126.975,경기도 양주시 광적면 광석리,YLC-15
2849,103,877,육상,37.8941667,126.9811111,경기도 양주시 광적면 광석리,YLC-16
2850,104,879,산림,37.8563889,127.0202778,경기도 양주시 은현면 도하리,YFC-01-1
2851,104,879,산림,37.8563889,127.0202778,경기도 양주시 은현면 도하리,YFC-01-2
2852,104,880,산림,37.8433333,127.0230556,경기도 양주시 은현면 용암리,YFC-02-1
2853,104,880,산림,37.8433333,127.0230556,경기도 양주시 은현면 용암리,YFC-02-2
2854,104,881,산림,37.8538889,127.0913889,경기도 양주시 봉양동 ,YFC-03-1
2855,104,881,산림,37.8538889,127.0913889,경기도 양주시 봉양동 ,YFC-03-2
2856,104,881,산림,37.8538889,127.0913889,경기도 양주시 봉양동 ,YFC-03-3
2857,104,882,산림,37.845,127.0861111,경기도 양주시 회암동 ,YFC-04-1
2858,104,882,산림,37.845,127.0861111,경기도 양주시 회암동 ,YFC-04-2
2859,104,882,산림,37.845,127.0861111,경기도 양주시 회암동 ,YFC-04-3
2860,111,883,하천,36.9791667,127.4016667,경상북도 울진군 울진읍 읍남리,URC-01
2861,111,884,하천,36.9611111,127.3816667,경상북도 울진군 근남면 행곡리,URC-03
2862,111,885,하천,36.7241667,127.4658333,경상북도 울진군 평해읍 월송리,URC-04
2863,111,886,하천,36.7188889,127.4472222,경상북도 울진군 평해읍 평해리,URC-05
2864,112,888,육상,36.9958333,127.3925,경상북도 울진군 울진읍 고성리,ULC-02
2865,112,889,육상,36.9775,127.4005556,경상북도 울진군 근남면 행곡리,ULC-03
2866,112,891,육상,36.9322222,127.3836111,경상북도 울진군 원남면 금매리,ULC-07
2867,112,892,육상,36.9241667,127.3808333,경상북도 울진군 원남면 매화리,ULC-08
2868,112,893,육상,36.7947222,127.4577778,경상북도 울진군 기성면 기성리,ULC-10
2869,112,894,육상,36.7541667,127.4480556,경상북도 울진군 기성면 황보리,ULC-11
2870,112,895,육상,36.73,127.4702778,경상북도 울진군 평해읍 월송리,ULC-12
2871,112,896,육상,36.7238889,127.4480556,경상북도 울진군 평해읍 평해리,ULC-13
2872,113,897,산림,37.1002778,127.3225,경상북도 울진군 북면 부구리,UFC-01
2873,113,898,산림,37.0488889,127.3205556,경상북도 울진군 북면 사계리,UFC-02
2874,109,899,육상,35.1490772,129.8865028,충청남도 아산시 선장면 대정리,BH-6
2875,109,899,육상,35.1490772,129.8865028,충청남도 아산시 선장면 대정리,BH-6
2876,109,900,육상,35.1779819,129.8877469,충청남도 아산시 도고면 ,BH-7
2877,109,900,육상,35.1779819,129.8877469,충청남도 아산시 도고면 ,BH-7
2878,109,900,육상,35.1779819,129.8877469,충청남도 아산시 도고면 ,BH-7
2879,109,901,육상,35.22998,129.8829083,충청남도 아산시 신창면 황산리,BH-8
2880,109,901,육상,35.22998,129.8829083,충청남도 아산시 신창면 황산리,BH-8
2881,109,902,육상,35.2661158,129.85,충청남도 아산군 송악면 평촌리,BH-9
2882,109,903,육상,35.167055,129.9546647,충청남도 아산시 선장면 홍곳리,BH-10
2883,109,903,육상,35.167055,129.9546647,충청남도 아산시 선장면 홍곳리,BH-10
2884,109,904,육상,35.167055,129.9546647,충청남도 아산시 인주면 도흥리,BH-11
2885,109,904,육상,35.167055,129.9546647,충청남도 아산시 인주면 도흥리,BH-11
2886,109,905,육상,35.2208553,129.95,충청남도 아산시 염치읍 중방리,BH-12
2887,109,905,육상,35.2208553,129.95,충청남도 아산시 염치읍 중방리,BH-12
2888,109,906,육상,35.2201983,129.9430339,충청남도 아산시 신창면 남성리,BH-13
2889,109,906,육상,35.2201983,129.9430339,충청남도 아산시 신창면 남성리,BH-13
2890,109,907,육상,35.254665,129.9423808,충청남도 아산시 염치읍 곡교리,BH-14
2891,109,907,육상,35.254665,129.9423808,충청남도 아산시 염치읍 곡교리,BH-14
2892,109,908,육상,35.2764608,129.9276275,충청남도 아산시 권곡동 ,BH-15
2893,109,908,육상,35.2764608,129.9276275,충청남도 아산시 권곡동 ,BH-15
2894,109,909,육상,35.3009494,129.9197439,충청남도 아산시 배방면 구령리,BH-16
2895,109,909,육상,35.3009494,129.9197439,충청남도 아산시 배방면 구령리,BH-16
2896,109,910,육상,35.2200225,130.0333333,충청남도 아산시 영인면 신운리,BH-17
2897,109,910,육상,35.2200225,130.0333333,충청남도 아산시 영인면 신운리,BH-17
2898,109,911,육상,35.2646372,130.0938092,충청남도 아산시 둔포면 신법리,BH-18
2899,109,911,육상,35.2646372,130.0938092,충청남도 아산시 둔포면 신법리,BH-18
2900,109,912,육상,35.2976803,130.0615236,충청남도 아산시 둔포면 산전리,BH-19
2901,109,912,육상,35.2976803,130.0615236,충청남도 아산시 둔포면 산전리,BH-19
2931,114,923,하천,34.8180556,126.5516667,전라남도 영암군 시종면 신학리,YAR04A
2932,114,923,하천,34.8180556,126.5516667,전라남도 영암군 시종면 신학리,YAR04B
2933,114,924,하천,34.8161111,126.625,전라남도 영암군 군서면 도장리,YAR05
2934,115,926,육상,34.9052778,126.6791667,전라남도 영암군 신북면 유곡리,YAL02
2935,115,928,육상,34.7183333,126.6119444,전라남도 영암군 학산면 용소리,YAL04
2936,115,930,육상,34.735,126.5319444,전라남도 영암군 학산면 신덕리,YAL06
2937,115,934,육상,34.7991667,126.5922222,전라남도 영암군 군서면 양장리,YAL10
2938,115,935,육상,34.7744444,126.5983333,전라남도 영암군 군서면 모정리,YAL11
2939,115,936,육상,34.7833333,126.6138889,전라남도 영암군 군서면 동호리,YAL12
2940,115,937,육상,34.8,126.7116667,전라남도 영암군 영암읍 춘양리,YAL13
2941,115,938,육상,34.8113889,126.7033333,전라남도 영암군 영암읍 대신리,YAL14
2942,115,939,육상,34.8172222,126.6658333,전라남도 영암군 영암읍 송평리,YAL15A
2943,115,939,육상,34.8172222,126.6658333,전라남도 영암군 영암읍 송평리,YAL15B
2944,115,940,육상,34.8205556,126.6413889,전라남도 영암군 도포면 도포리,YAL16
2945,115,941,육상,34.8411111,126.6494444,전라남도 영암군 도포면 수산리,YAL17
2946,115,942,육상,34.7963889,126.6308333,전라남도 영암군 군서면 도장리,YAL18A
2947,115,942,육상,34.7963889,126.6308333,전라남도 영암군 군서면 도장리,YAL18B
2948,115,943,육상,34.7833333,126.6458333,전라남도 영암군 군서면 성양리,YAL19
2949,115,944,육상,34.9055556,126.6041667,전라남도 영암군 시종면 신연리,YAL20
2950,115,945,육상,34.8858333,126.5786111,전라남도 영암군 시종면 옥야리,YAL21A
2951,115,945,육상,34.8858333,126.5786111,전라남도 영암군 시종면 옥야리,YAL21B
2952,115,946,육상,34.8822222,126.6013889,전라남도 영암군 시종면 월롱리,YAL22A
2953,115,946,육상,34.8822222,126.6013889,전라남도 영암군 시종면 월롱리,YAL22B
2954,115,947,육상,34.8405556,126.5597222,전라남도 영암군 시종면 신학리,YAL23
2955,115,948,육상,34.8225,126.5683333,전라남도 영암군 시종면 신학리,YAL24
2956,115,949,육상,34.8388889,126.5786111,전라남도 영암군 시종면 봉소리,YAL25
2957,115,950,육상,34.8216667,126.6191667,전라남도 영암군 도포면 원항리,YAL26
2966,117,964,하천,35.0883333,128.0361111,경상남도 사천시 곤양면 가화리,SCR02
2967,118,972,육상,35.0333333,128.1516667,경상남도 사천시 정동면 학촌리,SCL08
2968,118,973,육상,35.0513889,128.1361111,경상남도 사천시 정동면 장산리,SCL09
2969,118,975,육상,35.0691667,128.0969444,경상남도 사천시 정동면 고읍리,SCL11
2970,118,978,육상,35.1336111,127.9702778,경상남도 사천시 곤명면 정곡리,SCL14
2971,118,980,육상,35.1055556,127.9397222,경상남도 사천시 곤명면 봉계리,SCL16
2972,118,981,육상,35.0769444,127.9469444,경상남도 사천시 곤명면 조장리,SCL17
2973,118,982,육상,35.0638889,127.9597222,경상남도 사천시 곤양면 대진리,SCL18
2974,118,983,육상,35.0494444,127.9763889,경상남도 사천시 곤양면 서정리,SCL19
2975,118,984,육상,35.0383333,127.9725,경상남도 사천시 서포면 외구리,SCL20A
2976,118,984,육상,35.0383333,127.9725,경상남도 사천시 서포면 외구리,SCL20B
2977,118,990,육상,35.1377778,127.9652778,경상남도 사천시 곤명면 금성리,SCL26A
2978,118,990,육상,35.1377778,127.9652778,경상남도 사천시 곤명면 금성리,SCL26B
2979,118,991,육상,35.0794444,128.0747222,경상남도 사천시 사천읍 용당리,SCL27
2980,118,996,육상,35.0616667,128.0175,경상남도 사천시 곤양면 환덕리,SCL32
2981,118,997,육상,35.1436111,127.9605556,경상남도 사천시 곤명면 금성리,SCL33
2982,118,998,육상,35.1330556,127.9841667,경상남도 사천시 곤명면 신흥리,SCL34
2983,118,999,육상,35.1469444,127.9616667,경상남도 사천시 곤명면 금성리,SCL35A
2984,118,999,육상,35.1469444,127.9616667,경상남도 사천시 곤명면 금성리,SCL35B
2985,118,999,육상,35.1469444,127.9616667,경상남도 사천시 곤명면 금성리,SCL35C
3004,105,958,하천,37.1684722,127.0813056,경기도 화성시 동탄면 송리,BH-1
3005,105,959,하천,37.1620278,126.9959167,경기도 화성시 정남면 발산리,BH-2
3006,105,960,하천,37.1054167,126.9973056,경기도 화성시 양감면 송산리,BH-3
3007,105,961,하천,37.0799722,126.9937778,경기도 화성시 양감면 용소리,BH-4(실트층)
3008,105,961,하천,37.0799722,126.9937778,경기도 화성시 양감면 용소리,BH-4(모래층)
3009,105,962,하천,37.0712778,126.8817778,경기도 화성시 장안면 독정리,BH-5
3010,106,1002,육상,37.2248333,127.0301389,경기도 화성시 반정동 ,BH-7
3011,106,1003,육상,37.1449167,127.0025556,경기도 화성시 정남면 망월리,BH-10
3012,106,1004,육상,37.0651111,126.9471389,경기도 화성시 양감면 신왕리,BH-11
3013,106,1005,육상,37.1193889,126.89725,경기도 화성시 향남읍 상신리,BH-12
3014,106,1006,육상,37.166,126.8561667,경기도 화성시 온석동 ,BH-13
3015,106,1007,육상,37.2423333,126.7168611,경기도 화성시 송산면 쌍정리,BH-14
3016,106,1008,육상,37.1750833,126.7008333,경기도 화성시 서신면 광평리,BH-15
3017,106,1009,육상,37.0390556,126.8246111,경기도 화성시 장안면 노진리,BH-18
3018,107,1010,산림,37.1897222,126.7686111,경기도 화성시 마도면 석교리,BH-19
3032,121,1016,하천,35.5779097,126.877069,전라남도 장흥군 장흥읍 사안리,JHR-1
3033,121,1017,하천,35.5654719,126.886615,전라남도 장흥군 장흥읍 영전리,JHR-2
3034,121,1017,하천,35.5654719,126.886615,전라남도 장흥군 장흥읍 영전리,JHR-2
3035,121,1018,하천,35.5546966,126.88186,전라남도 장흥군 장흥읍 평장리,JHR-3
3036,121,1019,하천,35.5532633,126.878036,전라남도 장흥군 장흥읍 평장리,JHR-4
3037,121,1020,하천,35.5570619,126.891402,전라남도 장흥군 장흥읍 순지리,JHR-5
3038,121,1021,하천,35.6223088,126.911186,전라남도 장흥군 부산면 기동리,JHR-6
3039,122,1022,육상,35.58391,126.876135,전라남도 장흥군 장흥읍 영전리,JHL-1
3040,122,1023,육상,35.5649636,126.883333,전라남도 장흥군 장흥읍 영전리,JHL-2
3041,122,1024,육상,35.5596275,126.881086,전라남도 장흥군 장흥읍 송암리,JHL-3
3042,122,1024,육상,35.5596275,126.881086,전라남도 장흥군 장흥읍 송암리,JHL-3
3043,122,1025,육상,35.5524594,126.883333,전라남도 장흥군 장흥읍 평장리,JHL-4
3044,122,1026,육상,35.5607819,126.89668,전라남도 장흥군 장흥읍 순지리,JHL-5
3045,122,1026,육상,35.5607819,126.89668,전라남도 장흥군 장흥읍 순지리,JHL-5
3046,122,1027,육상,35.5675902,126.910461,전라남도 장흥군 장흥읍 평화리,JHL-6
3047,122,1027,육상,35.5675902,126.910461,전라남도 장흥군 장흥읍 평화리,JHL-6
3048,122,1028,육상,35.5707433,126.914348,전라남도 장흥군 장흥읍 건산리,JHL-7
3049,122,1029,육상,35.5955475,126.90563,전라남도 장흥군 장흥읍 행원리,JHL-8
3050,122,1030,육상,35.6077419,126.897612,전라남도 장흥군 부산면 내안리,JHL-9
3051,122,1030,육상,35.6077419,126.897612,전라남도 장흥군 부산면 내안리,JHL-9
3052,122,1031,육상,35.6146769,126.9,전라남도 장흥군 부산면 구룡리,JHL-10
3053,122,1031,육상,35.6146769,126.9,전라남도 장흥군 부산면 구룡리,JHL-10
3054,122,1032,육상,35.6384355,126.907807,전라남도 장흥군 부산면 용반리,JHL-11
3055,122,1032,육상,35.6384355,126.907807,전라남도 장흥군 부산면 용반리,JHL-11
3056,122,1033,육상,35.6701186,126.983069,전라남도 장흥군 장동면 조양리,JHL-12
3057,122,1034,육상,35.6844555,126.986515,전라남도 장흥군 장평면 광평리,JHL-13
3058,122,1034,육상,35.6844555,126.986515,전라남도 장흥군 장평면 광평리,JHL-13
3059,122,1035,육상,35.6911816,126.961108,전라남도 장흥군 장평면 축내리,JHL-14
3060,122,1038,육상,35.5202261,126.933187,전라남도 장흥군 용산면 금곡리,JHL-17
3061,122,1040,육상,35.4349063,126.962853,전라남도 장흥군 관산읍 송촌리,JHL-19
3062,122,1042,육상,35.3835294,126.893577,전라남도 장흥군 대덕읍 도청리,JHL-21
3082,124,1047,하천,37.6948333,128.571027,경상북도 예천군 보문면 우래리,YCR-1
3083,124,1048,하천,37.6773333,128.520027,경상북도 예천군 보문면 간방리,YCR-2
3084,124,1049,하천,36.6469166,128.492222,경상북도 예천군 예천읍 고평리,YCR-3
3085,124,1050,하천,36.6172222,128.484527,경상북도 예천군 호명면 월포리,YCR-4
3086,124,1051,하천,36.6079166,128.432333,경상북도 예천군 호명면 담암리,YCR-5
3087,124,1052,하천,36.6163333,128.4235,경상북도 예천군 호명면 담암리,YCR-6
3088,124,1053,하천,36.5848888,128.365222,경상북도 예천군 지보면 만화리,YCR-7
3089,124,1054,하천,36.5822777,128.298888,경상북도 예천군 용궁면 향석리,YCR-8
3090,124,1055,하천,36.5808055,128.285194,경상북도 예천군 용궁면 무이리,YCR-9
3091,125,1056,육상,36.7319444,128.569277,경상북도 예천군 감천면 미석리,YCL-1
3092,125,1057,육상,36.70625,128.495,경상북도 예천군 감천면 덕율리,YCL-2
3093,125,1058,육상,36.7432777,128.440416,경상북도 예천군 하리면 우곡리,YCL-3
3094,125,1059,육상,36.6778055,128.464444,경상북도 예천군 예천읍 생천리,YCL-4
3095,125,1060,육상,36.69075,128.420555,경상북도 예천군 용문면 하금곡리,YCL-5
3096,125,1061,육상,36.6495833,128.374861,경상북도 예천군 유천면 광전리,YCL-6
3097,125,1062,육상,36.6340555,128.313722,경상북도 예천군 용궁면 월오리,YCL-7
3098,125,1063,육상,36.6225833,128.430138,경상북도 예천군 호명면 내신리,YCL-8
3099,125,1064,육상,36.5695,128.411166,경상북도 예천군 지보면 송평리,YCL-9
3100,125,1065,육상,36.5380277,128.411166,경상북도 예천군 지보면 신풍리,YCL-10
3101,125,1066,육상,36.5078611,128.275388,경상북도 예천군 풍양면 와룡리,YCL-11
3102,125,1067,육상,36.5976666,128.280805,경상북도 예천군 용궁면 금남리,YCL-12
3103,126,1068,산림,36.8095277,128.42975,경상북도 예천군  ,YCF-1
3104,126,1068,산림,36.8095277,128.42975,경상북도 예천군  ,YCF-1
3105,126,1069,산림,36.5626111,128.36475,경상북도 예천군  ,YCF-2
3106,126,1069,산림,36.5626111,128.36475,경상북도 예천군  ,YCF-2
3107,126,1070,산림,36.5484722,128.410805,경상북도 예천군  ,YCF-3
3108,126,1070,산림,36.5484722,128.410805,경상북도 예천군  ,YCF-3
3117,127,1071,하천,37.6664694,126.67595,경기도 김포시 운양동 ,GPR-1
3118,127,1072,하천,37.6493305,126.705122,경기도 김포시 운양동 ,GPR-2
3119,127,1073,하천,37.6414333,126.721394,경기도 김포시 걸포동 ,GPR-3
3120,127,1074,하천,37.6355916,126.734822,경기도 김포시 고촌면 향산리,GPR-4
3121,127,1075,하천,37.6205472,126.762866,경기도 김포시 고촌면 풍곡리,GPR-5
3122,127,1076,하천,37.6126666,126.779605,경기도 김포시 고촌면 신곡리,GPR-6
3123,127,1077,하천,37.7175416,126.668141,경기도 김포시 양촌면 누산리,GPR-7
3124,136,1078,하천,37.7050583,127.192633,경기도 남양주시 진접읍 금곡리,NYJR-1
3125,136,1079,하천,37.6794277,127.168572,경기도 남양주시 진건읍 신월리,NYJR-2
3126,136,1080,하천,37.6644444,127.152138,경기도 남양주시 진건읍 신월리,NYJR-3
3127,136,1081,하천,37.6408166,127.1512,경기도 남양주시 진건읍 진관리,NYJR-4
3128,136,1082,하천,37.6272944,127.144263,경기도 남양주시 진건읍 배양리,NYJR-5
3129,136,1083,하천,37.6272944,127.144263,경기도 남양주시 수석동 ,NYJR-6
3130,136,1084,하천,37.5918333,127.193122,경기도 남양주시 삼패동 ,NYJR-7
3131,136,1086,하천,37.5679555,127.226102,경기도 남양주시 와부읍 도곡리,NYJR-9
3132,136,1087,하천,37.5586888,127.234055,경기도 남양주시 와부읍 팔당리,NYJR-10
3133,136,1088,하천,37.5461,127.241461,경기도 남양주시 와부읍 팔당리,NYJR-11
3134,136,1089,하천,37.5129027,127.298077,경기도 남양주시 조안면 능내리,NYJR-12
3135,128,1090,육상,37.7468,126.578458,경기도 김포시 월곶면 조강리,GPL-1
3136,128,1091,육상,37.7501111,126.621258,경기도 김포시 하성면 마근포리,GPL-2
3137,128,1092,육상,37.7513833,126.654811,경기도 김포시 하성면 후평리,GPL-3
3138,128,1093,육상,37.7294305,126.644113,경기도 김포시 하성면 후평리,GPL-4
3139,128,1094,육상,37.7153666,126.655211,경기도 김포시 하성면 석탄리,GPL-5
3140,128,1095,육상,37.6969472,126.634594,경기도 김포시 하성면 하사리,GPL-6
3141,128,1096,육상,37.6536277,126.608191,경기도 김포시 대곶면 초원지리,GPL-7
3142,128,1097,육상,37.6557944,126.63755,경기도 김포시 양촌면 양곡리,GPL-8
3143,128,1098,육상,37.6390166,126.692741,경기도 김포시 운양동 ,GPL-9
3144,128,1099,육상,37.5940833,126.769202,경기도 김포시 고촌면 태리,GPL-10
3145,128,1100,육상,37.609825,126.612838,경기도 김포시 양촌면 학운리,GPL-11
3146,128,1101,육상,37.6196472,126.562466,경기도 김포시 대곶면 약암리,GPL-12
3147,128,1102,육상,37.6573555,126.552355,경기도 김포시 대곶면 송마리,GPL-13
3148,128,1103,육상,37.7151333,126.557675,경기도 김포시 월곶면 군하리,GPL-14
3149,128,1104,육상,37.7613583,126.525938,경기도 김포시 월곶면 보구곶리,GPL-15
3150,137,1105,육상,37.7084916,127.126233,경기도 남양주시 별내면 청학리,NYJL-1
3151,137,1106,육상,37.6963333,127.171255,경기도 남양주시 진접읍 연평리,NYJL-2
3152,137,1107,육상,37.6646916,127.158622,경기도 남양주시 진건읍 신월리,NYJL-3
3153,137,1108,육상,37.6564277,127.165863,경기도 남양주시 진건읍 진관리,NYJL-4
3154,137,1109,육상,37.6331444,127.155886,경기도 남양주시 진건읍 배양리,NYJL-5
3155,137,1110,육상,37.6226277,127.154816,경기도 남양주시 지금동 ,NYJL-6
3156,137,1111,육상,37.61065,127.185458,경기도 남양주시 이패동 ,NYJL-7
3157,137,1112,육상,37.7426166,127.279888,경기도 남양주시 수동면 수산리,NYJL-8
3158,137,1113,육상,37.7202083,127.30553,경기도 남양주시 수동면 지둔리,NYJL-9
3159,137,1114,육상,37.6488777,127.364958,경기도 남양주시 화도읍 금남리,NYJL-10
3160,129,1115,산림,37.7286361,126.551622,경기도 김포시  ,GPF-1
3161,129,1115,산림,37.7286361,126.551622,경기도 김포시  ,GPF-1
3162,129,1116,산림,37.7033027,126.650933,경기도 김포시  ,GPF-2
3163,129,1116,산림,37.7033027,126.650933,경기도 김포시  ,GPF-2
3164,129,1117,산림,37.6381694,126.59565,경기도 김포시  ,GPF-3
3165,129,1117,산림,37.6381694,126.59565,경기도 김포시  ,GPF-3
3166,138,1118,산림,37.7152833,127.156133,경기도 남양주시  ,NYJF-1
3167,138,1118,산림,37.7152833,127.156133,경기도 남양주시  ,NYJF-1
3168,138,1119,산림,37.6269444,127.251222,경기도 남양주시  ,NYJF-2
3169,138,1119,산림,37.6269444,127.251222,경기도 남양주시  ,NYJF-2
3170,138,1120,산림,37.6323611,127.253472,경기도 남양주시  ,NYJF-3
3171,138,1120,산림,37.6323611,127.253472,경기도 남양주시  ,NYJF-3
3186,130,1121,하천,35.0912777,126.50825,전라남도 함평군 대동면 덕산리,HPR-1
3187,130,1122,하천,35.0624444,126.524888,전라남도 함평군 함평읍 기각리,HPR-2
3188,130,1123,하천,35.0080833,126.529527,전라남도 함평군 엄다면 학야리,HPR-3
3189,130,1124,하천,35.1271111,126.621,전라남도 함평군 나산면 이문리,HPR-4
3190,130,1125,하천,35.1771388,126.593222,전라남도 함평군 학교면 고막리,HPR-5
3191,130,1126,하천,34.9990555,126.593055,전라남도 함평군 학교면 석정리,HPR-6
3192,131,1127,육상,35.1872222,126.617138,전라남도 함평군 해보면 문장리,HPL-1
3193,131,1128,육상,35.1577777,126.411055,전라남도 함평군 손불면 양재리,HPL-2
3194,131,1129,육상,35.1199166,126.419694,전라남도 함평군 손불면 산남리,HPL-3
3195,131,1130,육상,35.1510555,126.47725,전라남도 함평군 신광면 복흥리,HPL-4
3196,131,1131,육상,35.1110277,126.499916,전라남도 함평군 대동면 운교리,HPL-5
3197,131,1132,육상,35.0983333,126.470388,전라남도 함평군 함평읍 장년리,HPL-6
3198,131,1133,육상,35.0356944,126.491916,전라남도 함평군 함평읍 성남리,HPL-7
3199,131,1134,육상,35.07375,126.55025,전라남도 함평군 대동면 강운리,HPL-8
3200,131,1135,육상,35.0295833,126.518583,전라남도 함평군 엄다면 성천리,HPL-9
3201,131,1136,육상,34.9918333,126.530555,전라남도 함평군 엄다면 영흥리,HPL-10
3202,131,1137,육상,35.0573055,126.585166,전라남도 함평군 대동면 금곡리,HPL-11
3203,131,1138,육상,35.1128055,126.600138,전라남도 함평군 나산면 삼축리,HPL-12
3204,131,1139,육상,35.1681388,126.624611,전라남도 함평군 월야면 양정리,HPL-13
3205,131,1140,육상,35.2011111,126.631722,전라남도 함평군 월야면 계림리,HPL-14
3206,131,1141,육상,35.1720833,126.585777,전라남도 함평군 해보면 해보리,HPL-15
3207,132,1142,산림,35.1511166,126.423161,전라남도 함평군  ,HPF-1
3208,132,1142,산림,35.1511166,126.423161,전라남도 함평군  ,HPF-1
3209,132,1143,산림,35.1428916,126.519533,전라남도 함평군  ,HPF-2
3210,132,1143,산림,35.1428916,126.519533,전라남도 함평군  ,HPF-2
3211,132,1144,산림,35.1437111,126.581527,전라남도 함평군  ,HPF-3
3212,132,1144,산림,35.1437111,126.581527,전라남도 함평군  ,HPF-3
3213,132,1145,산림,35.1035666,126.546055,전라남도 함평군  ,HPF-4
3214,132,1145,산림,35.1035666,126.546055,전라남도 함평군  ,HPF-4
3215,133,1146,하천,34.8072222,127.134166,전라남도 보성군 미력면 화방리,BSR01
3216,133,1147,하천,34.8069444,127.136388,전라남도 보성군 겸백면 용산리,BSR02
3217,133,1148,하천,34.8188888,127.143055,전라남도 보성군 겸백면 남양리,BSR03
3218,133,1149,하천,34.81,127.133888,전라남도 보성군 겸백면 도안리,BSR04
3219,133,1150,하천,34.8252777,127.154444,전라남도 보성군 겸백면 도안리,BSR05
3220,133,1151,하천,34.8522222,127.158055,전라남도 보성군 겸백면 석호리,BSR06
3221,133,1153,하천,34.8627777,127.1475,전라남도 보성군 율어면 율어리,BSR08
3222,133,1157,하천,35.8094444,127.137222,전라남도 보성군 겸백면 도안리,BSR13
3226,134,1158,육상,34.9108333,127.179444,전라남도 보성군 문덕면 양동리,BSL01
3227,134,1161,육상,34.8088888,127.150833,전라남도 보성군 겸백면 도안리,BSL04
3228,134,1162,육상,34.8205555,127.145,전라남도 보성군 겸백면 남양리,BSL05
3229,134,1163,육상,34.8480555,127.150833,전라남도 보성군 겸백면 평호리,BSL06
3230,134,1165,육상,34.7975,127.094166,전라남도 보성군 미력면 도개리,BSL08
3231,134,1167,육상,34.7552777,127.189722,전라남도 보성군 득량면 해평리,BSL10
3232,134,1168,육상,34.7638888,127.219722,전라남도 보성군 득량면 예당리,BSL11
3233,134,1169,육상,34.2372222,127.794444,전라남도 보성군 조성면 용전리,BSL12
3234,134,1170,육상,34.7963888,127.246944,전라남도 보성군 조성면 조성리,BSL13
3235,134,1174,육상,34.835,127.317222,전라남도 보성군 벌교읍 척령리,BSL16
3236,134,1175,육상,34.8397222,127.365555,전라남도 보성군 벌교읍 장양리,BSL17
3237,134,1177,육상,34.8758333,127.335,전라남도 보성군 벌교읍 지동리,BSL19
3238,134,1180,육상,34.7108333,127.026666,전라남도 보성군 웅치면 강산리,BSL22
3239,134,1183,육상,34.8961111,127.119722,전라남도 보성군 복내면 용동리,BSL25
3240,134,1184,육상,34.8061111,127.092777,전라남도 보성군 미력면 도개리,BSL26
3241,134,1186,육상,34.8552777,127.335,전라남도 보성군 벌교읍 봉림리,BSL28
3255,140,1013,하천,38.0055571,127.1313344,경기도 용인시 처인구 남사면 진목리,YIRB-1
3256,141,1014,육상,38.1989364,127.2350129,경기도 용인시 처인구 포곡읍 유운리,YILB-1
3257,141,1015,육상,38.0712789,127.2072439,경기도 용인시 처인구 이동면 덕성리,YILB-2
3258,141,1016,육상,38.0530925,127.2111735,경기도 용인시 처인구 이동면 시미리,YILB-3
3259,141,1017,육상,38.013928,127.1695148,경기도 용인시 처인구 남사면 방아리,YILB-4
3260,141,1018,육상,38.0071778,127.1491837,경기도 용인시 처인구 남사면 진목리,YILB-5
3261,141,1019,육상,37.9999476,127.1252702,경기도 용인시 처인구 남사면 진목리,YILB-6
3262,141,1020,육상,38.0247353,127.4050087,경기도 용인시 처인구 백암면 고안리,YILB-7
3263,141,1021,육상,38.0235298,127.3988221,경기도 용인시 처인구 백암면 용천리,YILB-8
3264,141,1022,육상,38.0353598,127.3886711,경기도 용인시 처인구 백암면 근삼리,YILB-9
3265,141,1023,육상,38.0473674,127.3858776,경기도 용인시 처인구 백암면 백봉리,YILB-10
3266,141,1024,육상,38.0696728,127.3684831,경기도 용인시 처인구 백암면 근창리,YILB-11
3267,141,1025,육상,38.0714501,127.3530167,경기도 용인시 처인구 원삼면 두창리,YILB-12
3268,141,1026,육상,38.0753549,127.3409216,경기도 용인시 처인구 원삼면 가재월리,YILB-13
3269,142,1027,산림,38.0902455,127.257897,경기도 용인시 처인구 호동 ,YIFB-1
3270,142,1028,산림,38.0389853,127.2503533,경기도 용인시 처인구 이동면 묘봉리,YIFB-2
3302,146,1044,하천,37.9903056,126.8933889,경기도 파주시 적성면 주월리,PJR-1
3303,146,1045,하천,37.9143889,126.8284167,경기도 파주시 파평면 두포리,PJR-2
3304,146,1046,하천,37.8571111,126.7762222,경기도 파주시 문산읍 내포리,PJR-3
3305,146,1047,하천,37.8333611,126.7830833,경기도 파주시 월롱면 능산리,PJR-4
3306,146,1048,하천,37.8033889,126.7888611,경기도 파주시 월롱면 덕은리,PJR-5
3307,146,1049,하천,37.7566944,126.6956667,경기도 파주시 탄현면 갈현리,PJR-6
3308,146,1050,하천,37.7581111,126.7112222,경기도 파주시 검산동 ,PJR-7
3309,146,1051,하천,37.7440278,126.7905833,경기도 파주시 조리읍 능안리,PJR-8
3310,146,1052,하천,37.7333333,126.8285278,경기도 파주시 조리읍 대원리,PJR-9
3311,147,1053,육상,37.9979722,126.9665,경기도 파주시 적성면 어유지리,PJL-1
3312,147,1054,육상,37.9846111,126.9161111,경기도 파주시 적성면 주월리,PJL-2
3313,147,1055,육상,37.9427222,126.8993333,경기도 파주시 적성면 마지리,PJL-3
3314,147,1056,육상,37.9035556,126.7654444,경기도 파주시 문산읍 마정리,PJL-4
3315,147,1057,육상,37.8862778,126.7451389,경기도 파주시 문산읍 사목리,PJL-5
3316,147,1058,육상,37.8486389,126.777,경기도 파주시 문산읍 내포리,PJL-6
3317,147,1059,육상,37.8278056,126.7092222,경기도 파주시 탄현면 오금리,PJL-7
3318,147,1060,육상,37.8151944,126.6863056,경기도 파주시 탄현면 대동리,PJL-8
3319,147,1061,육상,37.8087778,126.797,경기도 파주시 파주읍 봉암리,PJL-9
3320,147,1062,육상,37.83,126.8205556,경기도 파주시 파주읍 파주리,PJL-10
3321,147,1063,육상,37.7963611,126.8134444,경기도 파주시 월롱면 도내리,PJL-11
3322,147,1064,육상,37.7971944,126.8661667,경기도 파주시 광탄면 창만리,PJL-12
3323,147,1065,육상,37.7719722,126.7405556,경기도 파주시 검산동 ,PJL-13
3324,147,1066,육상,37.7456667,126.7022778,경기도 파주시  ,PJL-14
3325,147,1067,육상,37.7421111,126.764,경기도 파주시 교하읍 ,PJL-15
3326,147,1068,육상,37.7605556,126.8108611,경기도 파주시 조리읍 등원리,PJL-16
3327,147,1069,육상,37.7355556,126.8093889,경기도 파주시 조리읍 대원리,PJL-17
3328,148,1070,산림,37.8908114,126.9162963,경기도 파주시 법원읍 직천리,PJF-1
3329,148,1071,산림,37.8854821,126.8355536,경기도 파주시 문산읍 이천리,PJF-2
3335,149,1072,하천,36.0685,126.8626389,충청남도 서천군 한산면 신성리,SCR-1
3336,149,1073,하천,36.0419722,126.8080833,충청남도 서천군 화양면 와초리,SCR-2
3337,149,1074,하천,36.0360556,126.7689444,충청남도 서천군 화양면 봉명리,SCR-3
3338,149,1075,하천,36.0731944,126.73,충청남도 서천군 기산면 두북리,SCR-4
3339,149,1076,하천,36.0367222,126.7396111,충청남도 서천군 마서면 신포리,SCR-5
3340,150,1078,육상,36.0830556,126.8226389,충청남도 서천군 한산면 단상리,SCL-2
3341,150,1079,육상,36.1537778,126.7615833,충청남도 서천군 문산면 지원리,SCL-3
3342,150,1083,육상,36.1428889,126.6922222,충청남도 서천군 판교면 후동리,SCL-7
3343,150,1087,육상,36.1098611,126.6113889,충청남도 서천군 비인면 다사리,SCL-11
3344,151,1088,산림,36.144518,126.7368352,충청남도 서천군 문산면 수암리,SCF-1
3345,151,1089,산림,36.1607059,126.6514179,충청남도 서천군 판교면 심동리,SCF-2
3346,152,1094,하천,35.3225,126.9911111,전라남도 담양군 담양읍 향교리,DYR05
3347,153,1098,육상,35.2169444,126.9719444,전라남도 담양군 고서면 성월리,DYL02
3348,153,1099,육상,35.2294444,126.9641667,전라남도 담양군 고서면 동운리,DYL03
3349,153,1101,육상,35.2369444,126.97,전라남도 담양군 고서면 동운리,DYL05
3350,153,1103,육상,35.2536111,126.9233333,전라남도 담양군 봉산면 와우리,DYL07
3351,153,1104,육상,35.2583333,126.9488889,전라남도 담양군 봉산면 양지리,DYL08
3352,153,1105,육상,35.265,126.9511111,전라남도 담양군 봉산면 연동리,DYL09
3353,153,1106,육상,35.2708333,126.9488889,전라남도 담양군 봉산면 신학리,DYL10
3354,153,1107,육상,35.26,126.9383333,전라남도 담양군 봉산면 ,DYL11
3355,153,1109,육상,35.2952778,126.9661111,전라남도 담양군 담양읍 강쟁리,DYL13
3356,153,1111,육상,35.2805556,126.9513889,전라남도 담양군 봉산면 제월리,DYL15
3357,153,1112,육상,35.2927778,126.9575,전라남도 담양군 무정면 영천리,DYL16
3358,153,1113,육상,35.2894444,126.9705556,전라남도 담양군 봉산면 대추리,DYL17
3359,153,1116,육상,35.2777778,126.9294444,전라남도 담양군 수북면 고성리,DYL20
3360,153,1120,육상,35.3005556,126.9544444,전라남도 담양군 수북면 풍수리,DYL24
3361,153,1122,육상,35.3222222,126.9686111,전라남도 담양군 담양읍 양각리,DYL26
3362,153,1123,육상,35.2258333,127.0133333,전라남도 담양군 창평면 창평리,DYL27
3363,153,1126,육상,35.2516667,126.8816667,전라남도 담양군 대전면 응용리,DYL30
3364,153,1128,육상,35.2616667,126.8997222,전라남도 담양군 대전면 태목리,DYL32
3365,153,1129,육상,35.2666667,126.9133333,전라남도 담양군 대전면 갑향리,DYL33
3366,153,1131,육상,35.2586111,126.9227778,전라남도 담양군 대전면 ,DYL35
3367,153,1138,육상,35.3244444,127.0083333,전라남도 담양군 담양읍 학동리,DYL42
3368,153,1139,육상,35.3238889,127.0302778,전라남도 담양군 금성면 대곡리,DYL43
3369,153,1140,육상,35.2886111,127.0030556,전라남도 담양군 무정면 성도리,DYL44
3370,153,1141,육상,35.2858333,127.0308333,전라남도 담양군 무정면 봉안리,DYL45
3371,153,1142,육상,35.2841667,127.0588889,전라남도 담양군 무정면 안평리,DYL46
3372,153,1143,육상,35.2325,127.0127778,전라남도 담양군 창평면 창평리,DYL47
3373,154,1144,산림,35.2311111,127.0736111,전라남도 담양군 대덕면 용대리,용대리 시추
3374,154,1145,산림,35.1894444,127.0852778,전라남도 담양군 대덕면 운산리,운산리 시추
3375,154,1146,산림,35.1586111,127.0416667,전라남도 담양군 남면 경상리,경상리 시추
3376,155,1153,하천,35.2611111,126.7447222,전라남도 장성군 황룡면 옥정리,JAR07
3377,156,1160,육상,35.3725,126.8016667,전라남도 장성군 북일면 신흥리,JAL07
3378,156,1161,육상,35.3619444,126.7975,전라남도 장성군 북일면 신흥리,JAL08
3379,156,1164,육상,35.3277778,126.7775,전라남도 장성군 장성읍 안평리,JAL11
3380,156,1165,육상,35.3122222,126.775,전라남도 장성군 장성읍 장안리,JAL12
3381,156,1167,육상,35.3908333,126.9077778,전라남도 장성군 북하면 성암리,JAL14
3382,156,1168,육상,35.3216667,126.7783333,전라남도 장성군 서삼면 금계리,JAL15
3383,156,1170,육상,35.2925,126.7652778,전라남도 장성군 황룡면 장산리,JAL17
3384,156,1172,육상,35.2647222,126.7475,전라남도 장성군 황룡면 옥정리,JAL19
3385,156,1176,육상,35.2452778,126.6994444,전라남도 장성군 삼계면 상도리,JAL23
3386,156,1179,육상,35.2197222,126.635,전라남도 장성군 삼서면 수해리,JAL26
3387,156,1180,육상,35.21,126.6383333,전라남도 장성군 삼서면 우치리,JAL27
3388,156,1181,육상,35.2216667,126.6247222,전라남도 장성군 삼서면 수해리,JAL28
3389,156,1183,육상,35.2238889,126.8061111,전라남도 장성군 남면 월정리,JAL30
3390,156,1184,육상,35.2325,126.8072222,전라남도 장성군 남면 월정리,JAL31
3391,156,1186,육상,35.2352778,126.7816667,전라남도 장성군 남면 마령리,JAL33
3392,156,1187,육상,35.2425,126.8044444,전라남도 장성군 남면 분향리,JAL34
3393,156,1191,육상,35.2369444,126.8533333,전라남도 장성군 진원면 산동리,JAL38
3394,156,1194,육상,35.2116667,126.6480556,전라남도 장성군 삼서면 우치리,GML11
3395,157,1196,산림,34.9436111,127.2055556,전라남도 장성군 북일면 문암리,문암리 시추
3396,157,1197,산림,34.9388889,127.1111111,전라남도 장성군 북이면 죽청리,죽청리 시추
3397,157,1198,산림,34.8391667,127.26,전라남도 장성군 북하면 월성리,월정리 시추
3418,166,1375,육상,35.3306389,128.3121194,경상남도 의령군 용덕면 소상리,URLB-1
3419,166,1376,육상,35.3271611,128.30745,경상남도 의령군 용덕면 소상리,URLB-2
3420,166,1377,육상,35.3366167,128.3923194,경상남도 의령군 정곡면 적곡리,URLB-3
3421,166,1378,육상,35.3396,128.3865194,경상남도 의령군 정곡면 적곡리,URLB-4
3422,161,1387,하천,35.3801278,128.4231722,경상남도 함안군 대산면 장암리,HARB-1
3423,161,1388,하천,35.3591639,128.4017944,경상남도 함안군 대산면 하기리,HARB-2
3424,161,1389,하천,35.3592722,128.3903361,경상남도 함안군 대산면 하기리,HARB-3
3425,161,1390,하천,35.3544917,128.3845667,경상남도 함안군 대산면 하기리,HARB-4
3426,161,1391,하천,35.3472444,128.3889472,경상남도 함안군 대산면 하기리,HARB-5
3427,161,1392,하천,35.346675,128.3464667,경상남도 함안군 법수면 백산리,HARB-6
3428,161,1393,하천,35.3516,128.3434306,경상남도 함안군 법수면 백산리,HARB-7
3429,161,1394,하천,35.358075,128.3359083,경상남도 함안군 법수면 백산리,HARB-8
3430,161,1395,하천,35.3604389,128.3298639,경상남도 함안군 법수면 사정리,HARB-9
3431,161,1396,하천,35.3619278,128.322525,경상남도 함안군 법수면 사정리,HARB-10
3432,161,1397,하천,35.3580639,128.3075083,경상남도 함안군 법수면 사정리,HARB-11
3433,161,1398,하천,35.3508333,128.3133389,경상남도 함안군 법수면 사정리,HARB-12
3434,161,1399,하천,35.3224,128.3139028,경상남도 함안군 군북면 월촌리,HARB-13
3435,161,1400,하천,35.3206528,128.3075111,경상남도 함안군 군북면 월촌리,HARB-14
3436,161,1401,하천,35.2741167,128.2833861,경상남도 함안군 군북면 박곡리,HARB-15
3437,161,1402,하천,35.3047028,128.3209083,경상남도 함안군 군북면 월촌리,HARB-16
3450,163,1403,하천,35.5519778,128.1198056,경상남도 합천군 용주면 손목리,HCRB-1
3451,163,1404,하천,35.556075,128.1219167,경상남도 합천군 용주면 월평리,HCRB-2
3452,163,1405,하천,35.6023639,128.24565,경상남도 합천군 쌍책면 건태리,HCRB-3
3453,163,1406,하천,35.6014417,128.2459139,경상남도 합천군 쌍책면 건태리,HCRB-4
3454,163,1407,하천,35.5999194,128.2516333,경상남도 합천군 쌍책면 건태리,HCRB-5
3455,163,1408,하천,35.5883,128.2643278,경상남도 합천군 율곡면 갑산리,HCRB-6
3456,163,1409,하천,35.5842056,128.2596889,경상남도 합천군 쌍책면 상포리,HCRB-7
3457,163,1410,하천,35.5816667,128.2583028,경상남도 합천군 쌍책면 상포리,HCRB-8
3458,163,1411,하천,35.5796278,128.2631694,경상남도 합천군 쌍책면 상포리,HCRB-9
3459,163,1412,하천,35.5729472,128.2949056,경상남도 합천군 적중면 죽고리,HCRB-10
3460,163,1413,하천,35.5743639,128.3003389,경상남도 합천군 적중면 죽고리,HCRB-11
3461,163,1414,하천,35.5724333,128.3056722,경상남도 합천군 적중면 죽고리,HCRB-12
3462,163,1415,하천,35.5721333,128.3099361,경상남도 합천군 적중면 죽고리,HCRB-13
3463,163,1416,하천,35.5708028,128.3175889,경상남도 합천군 청덕면 모리,HCRB-14
3464,163,1417,하천,35.5733639,128.3571472,경상남도 합천군 청덕면 미곡리,HCRB-15
3465,163,1418,하천,35.5748417,128.3571472,경상남도 합천군 청덕면 삼학리,HCRB-16
3466,163,1419,하천,35.5686528,128.3555278,경상남도 합천군 청덕면 적포리,HCRB-17
3485,164,1425,육상,35.5814528,128.2696694,경상남도 합천군 쌍책면 상포리,HCLB-6
3486,164,1426,육상,35.5751722,128.3158111,경상남도 합천군 청덕면 성태리,HCLB-7
3487,164,1427,육상,35.5720167,128.316725,경상남도 합천군 청덕면 모리,HCLB-8
3488,171,1475,하천,35.6936111,35.6936111,경상북도 고령군 우곡면 사촌리,GRR12
3489,171,1476,하천,35.6925,35.6925,경상북도 고령군 우곡면 사촌리,GRR13
3490,171,1477,하천,35.6916667,35.6916667,경상북도 고령군 우곡면 사촌리,GRR14
3491,171,1478,하천,35.6905556,35.6905556,경상북도 고령군 우곡면 사촌리,GRR15
3492,171,1472,하천,35.6658333,35.6658333,경상북도 고령군 우곡면 도진리,GRR07
3493,171,1473,하천,35.6677778,35.6677778,경상북도 고령군 우곡면 도진리,GRR08
3494,171,1474,하천,35.6680556,35.6680556,경상북도 고령군 우곡면 도진리,GRR09
3495,171,1469,하천,35.6141667,35.6141667,경상북도 고령군 우곡면 객기리,GRR01
3496,171,1470,하천,35.6155556,35.6155556,경상북도 고령군 우곡면 객기리,GRR02
3497,171,1471,하천,35.6141667,35.6141667,경상북도 고령군 우곡면 객기리,GRR03
3498,172,1432,하천,35.6208333,35.6208333,대구광역시 달성군 구지면 대암리,DSR02
3499,172,1433,하천,35.62,35.62,대구광역시 달성군 구지면 대암리,DSR03
3500,172,1434,하천,35.6177778,35.6177778,대구광역시 달성군 구지면 대암리,DSR04
3501,172,1435,하천,35.6161111,35.6161111,대구광역시 달성군 구지면 대암리,DSR05
3502,172,1436,하천,35.6586111,35.6586111,대구광역시 달성군 구지면 징리,DSR07
3503,172,1437,하천,35.6652778,35.6652778,대구광역시 달성군 구지면 징리,DSR08
3504,172,1438,하천,35.6644444,35.6644444,대구광역시 달성군 구지면 징리,DSR09
3505,170,1479,하천,35.8655556,35.8655556,경상북도 성주군 선남면 선원리,SJR01
3506,170,1480,하천,35.8647222,35.8647222,경상북도 성주군 선남면 선원리,SJR02
3507,169,1428,하천,35.9175,35.9175,경상북도 칠곡군 왜관읍 금남리,CGR01
3508,169,1429,하천,35.9138889,35.9138889,경상북도 칠곡군 왜관읍 금남리,CGR02
3509,169,1430,하천,35.9108333,35.9108333,경상북도 칠곡군 왜관읍 금남리,CGR03
3510,169,1431,하천,35.905,35.905,경상북도 칠곡군 왜관읍 금남리,CGR04
3511,167,1444,하천,36.0413889,36.0413889,경상북도 김천시 감천면 도평리,GCR01
3512,167,1445,하천,36.0411111,36.0411111,경상북도 김천시 감천면 도평리,GCR02
3513,167,1446,하천,36.0405556,36.0405556,경상북도 김천시 감천면 도평리,GCR03
3514,167,1447,하천,36.0558333,36.0558333,경상북도 김천시 감천면 도평리,GCR06
3515,167,1448,하천,36.0575,36.0575,경상북도 김천시 감천면 도평리,GCR07
3516,167,1449,하천,36.0625,36.0625,경상북도 김천시 감천면 도평리,GCR08
3517,167,1450,하천,36.0638889,36.0638889,경상북도 김천시 감천면 도평리,GCR09
3518,167,1451,하천,36.1961111,36.1961111,경상북도 김천시 아포읍 지리,GCR11
3519,167,1452,하천,36.1986111,36.1986111,경상북도 김천시 아포읍 지리,GCR12
3520,167,1453,하천,36.1977778,36.1977778,경상북도 김천시 아포읍 지리,GCR13
3521,168,1465,하천,36.2144444,36.2144444,경상북도 구미시 선산읍 북산리,GMR16
3522,168,1466,하천,36.2130556,36.2130556,경상북도 구미시 선산읍 북산리,GMR17
3523,168,1467,하천,36.2061111,36.2061111,경상북도 구미시 선산읍 북산리,GMR18
3524,168,1468,하천,36.2058333,36.2058333,경상북도 구미시 선산읍 북산리,GMR19
3525,168,1461,하천,36.2225,36.2225,경상북도 구미시 선산읍 북산리,GMR11
3526,168,1462,하천,36.2238889,36.2238889,경상북도 구미시 선산읍 북산리,GMR12
3527,168,1463,하천,36.2227778,36.2227778,경상북도 구미시 선산읍 북산리,GMR13
3528,168,1464,하천,36.2202778,36.2202778,경상북도 구미시 선산읍 북산리,GMR14
3529,168,1457,하천,36.2241667,36.2241667,경상북도 구미시 선산읍 화조리,GMR06
3530,168,1458,하천,36.2225,36.2225,경상북도 구미시 선산읍 완전리,GMR07
3531,168,1459,하천,36.2213889,36.2213889,경상북도 구미시 선산읍 완전리,GMR08
3532,168,1460,하천,36.2194444,36.2194444,경상북도 구미시 선산읍 완전리,GMR09
3533,168,1454,하천,36.2277778,36.2277778,경상북도 구미시 고아읍 오로리,GMR02
3534,168,1455,하천,36.2277778,36.2277778,경상북도 구미시 고아읍 오로리,GMR03
3535,168,1456,하천,36.2275,36.2275,경상북도 구미시 고아읍 오로리,GMR04
4206,222,2000,육상,34.7881667,127.6468222,전라남도 여수시 주삼동 ,YSL22
4207,222,2002,육상,34.8014222,127.7278972,전라남도 여수시 호명동 ,YSL24
4208,222,2003,육상,34.8306833,127.7397306,전라남도 여수시 상암동 ,YSL25
4209,222,2004,육상,34.7166944,127.5674694,전라남도 여수시 화양면 옥적리,YSL26
4210,222,2007,육상,34.684175,127.6146972,전라남도 여수시 화양면 안포리,YSL29
4211,222,2008,육상,34.689325,127.6128611,전라남도 여수시 화양면 나진리,YSL30
4212,222,2009,육상,34.6560222,127.7781806,전라남도 여수시 돌산읍 평사리,YSL31
4213,222,2010,육상,34.6648556,127.7744056,전라남도 여수시 돌산읍 둔전리,YSL32
