공간정보일련번호,광물자원광업권개정일자,위치명,지적도명,광물자원명,광물자원부존면적,연안관리정보번호,이용기간내용,항목번호
86,2008-06-24,충남 태안군 남면,안면도,규사,9,124,2015-06-25~2022-06-24,안면도124
1,1983-01-25,"전남 신안군 임자면, 전남 신안군 지도면",임자도,"납석, 고령토",281,66,2008-01-01~2027-12-31,임자도66
2,1983-01-02,전남 신안군 임자면,임자도,납석,202,76,2008-01-01~2027-12-31,임자도76
3,1983-01-25,전남 신안군 임자면,임자도,납석,281,75,2008-01-01~2027-12-31,임자도75
4,1978-10-11,"전남 신안군 안좌면, 전남 해남군 화원면",목포,규사,282,147,2016-10-01~2026-09-30,목포147
5,1978-01-12,전남 신안군 지도면,망운,"고령토, 납석",281,150,2003-01-13~2023-01-12,망운150
6,1976-12-27,전남 신안군 압해면,무안,고령토,282,126,2001-12-28~2021-12-27,무안126
7,1976-12-27,전남 신안군 압해면,무안,고령토,282,118,2001-12-28~2021-12-27,무안118
8,1976-12-27,전남 신안군 압해면,무안,고령토,282,117,2001-12-28~2021-12-27,무안117
9,1976-12-27,"전남 신안군 압해면, 전남 무안군 망원면",무안,고령토,282,106,2001-12-28~2021-12-27,무안106
10,1976-09-20,전남 신안군 압해면,무안,고령토,282,107,2001-09-21~2021-09-20,무안107
11,1970-05-20,전남 신안군 지도면,임자도,"납석, 고령토",281,47,2015-05-21~2035-05-20,임자도47
12,1970-11-28,전남 완도군 노화면,노화도,"납석, 고령토",284,118,2015-11-01~2035-10-31,노화도118
13,1969-04-25,전남 완도군 노화면,노화도,"고령토, 납석",284,129,2014-04-01~2034-03-31,노화도129
14,1986-11-17,전남 완도군 노화읍,노화도,고령토,284,107,2011-11-01~2031-10-31,노화도107
15,2004-10-28,전남 완도군 군외면,노화도,석회석,88,114,2004-10-29~2024-10-28,노화도114
16,1964-10-12,전남 완도군 노화면,노화도,납석,284,99,2009-10-01~2029-09-30,노화도99
17,1964-10-12,전남 완도군 노화면,노화도,납석,284,89,2009-10-01~2029-09-30,노화도89
18,2008-10-01,"전남 진도군 조도면, 전남 진도군 지산면",지산,"금, 은",283,113,2008-10-02~2028-10-01,지산113
36,2011-03-24,전라남도 무안군 해제면,망운,고령토,140,113,2011-03-25~2031-03-24,망운113
19,1980-04-30,전남 진도군 조도면,하의도,규사,240,80,2013-05-01~2018-04-30,하의도80
20,1980-04-30,"전남 진도군 조도면, 전남 진도군 지산면",지산,규사,208,81,2013-05-01~2018-04-30,지산81
21,1980-04-30,"전남 진도군 조도면, 전남 진도군 지산면",하의도,규사,283,70,2013-05-01~2018-04-30,하의도70
22,1980-04-30,전남 진도군 조도면,하의도,규사,283,69,2013-05-01~2018-04-30,하의도69
23,1997-03-20,전남 강진군 강진읍,강진,고령토,71,133,1997-03-21~2017-02-28,강진133
24,2011-07-04,인천광역시 중구,김포,고령토,68,150,2011-07-05~2031-07-04,김포150
25,2004-01-09,"전남 함평군 손불면, 전남 무안군 현경면",망운,규사,57,64,2016-01-10~2026-01-09,망운64
26,1978-10-10,전남 신안군 안좌면,기좌도,규사,282,7,2016-10-01~2026-09-30,기좌도7
27,2000-12-19,경기 안산시 풍도동,풍도,규사,274,43,2014-12-20~2021-12-19,풍도43
28,2011-05-20,경상남도 창원시 마산합포구 진전면,진동,"금,은,동,아면",281,25,2011-05-21~2031-05-20,진동25
29,2011-05-20,경상남도 고성군 삼산면,충무,"금,은,동",267,125,2011-05-21~2031-05-20,충무125
30,2011-05-20,경상남도 고성군 삼산면,충무,"금,은",276,115,2011-05-21~2031-05-20,충무115
31,2011-06-02,경기도 안산시 단원구,대부도,규석,34,77,2011-06-03~2031-06-02,대부도77
32,2011-05-03,전라남도 신안군 지도읍,무안,고령토,70,141,2011-05-04~2031-05-03,무안141
33,2011-05-19,전남 여수시 화정면,개도,납석,62,66,2011-05-20~2031-05-19,개도66
34,2002-06-11,"인천광역시 옹진군 북도면, 강화군 화도면",온수리,"사금,티탄철",272,106,2014-06-12~2019-06-11,온수리106
35,2006-12-20,인천광역시 강화군 삼산면,강화,규석,68,129,2006-12-21~2026-12-20,강화129
37,2011-03-24,전라남도 무안군 해제면,망운,고령토,127,105,2011-03-25~2031-03-24,망운105
38,2011-03-24,전남 무안군 해제면,망운,고령토,281,103,2011-03-25~2031-03-24,망운103
39,2010-10-08,전라남도 진도군 조도면,지산,"금,은광",235,123,2010-10-09~2030-10-08,지산123
40,2010-10-08,전라남도 진도군 조도면,지산,"금,은광",227,112,2010-10-09~2030-10-08,지산112
41,2011-08-23,전남 완도군 고금면,고금도,납석,70,75,2011-08-24~2031-08-23,고금도75
42,2011-03-24,"전남 함평군 함평읍, 무안군 현경면",망운,고령토,122,26,2011-03-25~2031-03-24,망운26
43,2010-10-08,"전남 무안군 해제면, 신안군 지도읍",망운,고령토,281,147,2010-10-09~2030-10-08,망운147
44,2011-03-24,"전남 함평군 함평읍, 손불면",망운,고령토,140,25,2011-03-25~2031-03-24,망운25
45,2011-06-03,"전남 광양시 광양읍, 광양시",광양,"금,은",282,85,2011-06-04~2031-06-03,광양85
46,2011-07-19,전남 광양시 광양읍,광양,"금,은",281,84,2011-07-20~2031-07-19,광양84
47,2011-07-26,"전남 광양시, 광양시, 광양읍",광양,"금,은",271,75,2011-07-27~2018-07-26,광양75
48,2011-08-05,전남 해남군 화원면,우수영,"금,은",172,141,2011-08-06~2031-08-05,우수영141
49,2010-10-08,전남 무안군 현경면,망운,고령토,74,86,2010-10-09~2030-10-08,망운86
50,2010-10-08,전남 무안군 현경면,망운,고령토,201,67,2010-10-09~2030-10-08,망운67
51,2011-08-12,강원도 동해시,묵호,석회석,204,105,2011-08-13~2031-08-12,묵호105
52,2011-06-01,인천광역시 강화군 화도면,온수리,장석,136,64,2011-06-02~2031-06-01,온수리64
53,2011-06-01,인천광역시 강화군 화도면,온수리,장석,68,73,2011-06-02~2031-06-01,온수리73
54,2011-06-01,인천광역시 강화군 화도면,온수리,장석,136,74,2011-06-02~2031-06-01,온수리74
55,2002-06-11,인천광역시 옹진군 북도면,온수리,"사금, 티탄철",272,116,2014-06-12~2019-06-11,온수리116
56,2011-01-24,"충청남도 태안군 원북면, 이원면",서산,규석,158,121,2011-01-25~2031-01-24,서산121
57,2010-10-11,"충청남도 태안군 원북면, 이원면",서산,규석,47,121,2010-10-12~2030-10-11,서산121
58,2011-04-13,"충청남도 태안군 원북면, 이원면",서산,규석,107,111,2011-04-14~2031-04-13,서산111
59,2011-07-12,충남 서산시 대산읍,대산,고령토,68,72,2011-07-13~2031-07-12,대산72
60,1974-07-27,부산시 강서구,가덕,"납석, 고령토",185,98,1999-07-28~2019-07-27,가덕98
61,2005-06-29,경남 진해시,가덕,고령토,100,125,2005-06-30~2025-06-29,가덕125
62,1989-03-29,경남 진해시,진해,"고령토, 납석",268,15,2014-03-01~2034-02-28,진해15
63,1976-02-25,전남 해남군 황산면,우수영,"고령토, 금, 은",265,67,2011-02-26~2031-02-25,우수영67
64,1974-06-25,전남 해남군 황산면,우수영,"고령토, 납석",259,57,1999-06-26~2019-06-25,우수영57
65,1963-02-21,충남 태안군 안면읍,안면도,규사,240,107,2016-02-01~2036-01-31,안면도107
66,2004-01-09,"전남 함평군 손불면, 전남 무안군 현경면",망운,규사,193,74,2016-01-10~2026-01-09,망운74
67,2000-12-29,"전남 해남군 황산면, 전남 해남군 문내면",우수영,"금, 은",283,86,2000-12-30~2020-12-29,우수영86
68,1976-12-27,전남 신안군 압해면,무안,고령토,282,100,2001-12-28~2021-12-27,무안100
69,2010-09-29,전북 군산시 성산면,함열,규석,30,150,2010-09-30~2030-09-29,함열150
70,2010-09-01,강원 삼척군 근덕면,임원진,장석,136,132,2010-09-02~2030-09-01,임원진132
71,2009-10-26,강원 삼척군 원덕읍,임원진,장석,136,97,2009-10-27~2029-10-26,임원진97
72,1986-06-11,강원 강릉시 강동면,산성우,규석,272,139,2011-06-01~2031-05-31,산성우139
73,2010-05-18,"경북 포항시 북구, 경북 포항시 북구 흥해읍",포항,규조토,139,56,2010-05-19~2030-05-18,포항56
74,2009-09-11,경북 경주시 감포읍,감포특,"금, 은, 몰리브덴",278,141,2009-09-12~2029-09-11,감포특141
75,2009-11-16,경북 포항시 북구,포항,규조토,69,66,2009-11-17~2029-11-16,포항66
76,2009-11-16,경북 포항시 북구,포항,규조토,69,56,2009-11-17~2029-11-16,포항56
77,1982-11-09,충남 태안군 원북면,모항,"규사, 세륨",138,31,2010-11-01~2017-10-31,모항31
78,1985-10-12,충남 태안군 원북면,이곡,"세륨, 지르코늄",262,40,2011-10-01~2018-09-30,이곡40
79,2000-11-10,충남 태안군 근흥면,모항,규석,137,58,2000-11-11~2020-11-10,모항58
80,1988-12-05,충남 태안군 소원면,모항,규사,43,64,2009-12-01~2016-11-30,모항64
81,2010-01-12,"충남 태안군 원북면, 충남 태안군 소원면",모항,"금, 은",274,31,2010-01-13~2030-01-12,모항31
82,2010-07-14,충남 태안군 소원면,모항,규사,42,66,2010-07-15~2017-07-14,모항66
83,2007-12-28,충남 태안군 소원면,모항,규사,116,65,2014-12-29~2021-12-28,모항65
84,2008-06-04,충남 태안군 근흥면,모항,규석,103,59,2008-06-05~2028-06-04,모항59
85,2007-12-28,충남 태안군 남면,안면도,규사,90,124,2014-12-29~2021-12-28,안면도124
87,1998-05-15,충남 태안군 안면읍,안면도,규사,17,100,2012-05-01~2019-04-30,안면도100
88,2008-12-12,충남 태안군 이원면,대산,장석,68,114,2008-12-13~2028-12-12,대산114
89,2008-12-12,충남 태안군 이원면,대산,장석,137,113,2008-12-13~2028-12-12,대산113
90,2010-04-14,충남 서산시 대산읍,대산,운모,171,73,2010-04-15~2030-04-14,대산73
91,2003-12-04,충남 태안군 이원면,대산,장석,68,114,2003-12-05~2023-12-04,대산114
92,2009-12-23,충남 서산시 대산읍,대산,운모,137,74,2009-12-24~2029-12-23,대산74
93,2010-01-06,충남 보령시 남포면,남포,규사,198,124,2017-01-07~2037-01-06,남포124
94,2004-09-13,충남 태안군 안면읍,원산도,규사,69,91,2011-09-14~2018-09-13,원산도91
95,2000-06-27,"전남 무안군 해제면, 전남 함평군 손불면, 전남 영광군 염산면",망운,규사,281,81,2014-06-28~2019-06-27,망운81
96,2005-11-07,전남 영광군 염산면,가음도,규사,118,78,2012-11-08~2019-11-07,가음도78
97,1999-01-02,"전남 함평군 손불면, 전남 무안군 해제면",망운,규사,281,73,2011-01-03~2018-01-02,망운73
98,1983-01-25,전남 신안군 임자면,임자도,"납석, 고령토",281,65,2008-01-01~2027-12-31,임자도65
99,2005-03-30,전남 신안군 압해면,무안,고령토,70,89,2005-03-31~2025-03-30,무안89
100,2005-03-30,전남 신안군 압해면,무안,고령토,141,78,2005-03-31~2025-03-30,무안78
101,2005-03-30,전남 신안군 지도읍,임자도,고령토,70,10,2005-03-31~2025-03-30,임자도10
102,2000-05-25,전남 신안군 압해면,무안,고령토,282,116,2000-04-26~2020-04-25,무안116
103,1965-01-07,충남 서산시 안면읍,원산도,규사,276,94,2011-01-01~2017-12-31,원산도94
104,1974-01-08,"충남 서산시 안면읍, 충남 보령시 오천면",원산도,규사,276,86,2013-01-09~2020-01-08,원산도86
105,1974-04-08,"충남 서산시 안면읍, 충남 보령시 오천면",원산도,규사,276,104,2013-04-09~2020-04-08,원산도104
106,1966-06-25,충남 서산시 안면읍,안면도,규사,276,110,2012-06-01~2019-05-31,안면도110
107,1965-01-07,충남 서산시 안면읍,안면도,규사,276,109,2011-01-01~2017-12-31,안면도109
108,2001-11-08,충남 서산시 대산읍,대산,운모,137,62,2001-11-09~2021-11-08,대산62
109,2009-02-03,충남 서산시 대산읍,풍도,규석,8,50,2009-02-04~2029-02-03,풍도50
110,1966-06-25,충남 서산시 남면,안면도,규사,276,126,2012-06-01~2019-05-31,안면도126
111,1974-04-08,충남 서산시 남면,안면도,규사,276,122,2013-04-09~2020-04-08,안면도122
112,1974-05-03,충남 서산시 남면,안면도,규사,259,121,2013-05-04~2020-05-03,안면도121
113,1966-06-25,충남 서산시 남면,안면도,규사,276,112,2012-06-01~2019-05-31,안면도112
114,1990-01-15,"충남 당진군 석문면, 경기 화성군 우정면",장고항,규석,274,118,1990-01-16~2014-12-31,장고항118
115,1967-12-13,충남 당진군 송산면,당진,"고령토, 장석",247,41,2012-12-01~2032-11-30,당진41
116,1974-03-26,충남 보령시 오천면,원산도,규사,277,100,2013-03-27~2020-03-26,원산도100
117,1974-03-26,충남 보령시 오천면,원산도,규사,276,87,2013-03-27~2020-03-26,원산도87
118,1974-04-08,"충남 보령시 오천면, 충남 서산시 안면읍",원산도,규사,276,96,2013-04-09~2020-04-08,원산도96
119,1976-04-06,경북 포항시 의창읍,포항,규사,12,44,2015-04-07~2022-04-06,포항44
120,1976-04-06,경북 포항시 의창읍,포항,규사,37,44,2015-04-07~2022-04-06,포항44
121,1984-07-12,경북 포항시 북구 흥해읍,포항,규사,7,44,2011-12-01~2018-11-30,포항44
122,1954-04-28,경북 울진군 평해면,평해,석회석,237,29,1999-04-01~2019-03-31,평해29
123,1981-09-11,경북 울진군 원남면,울진,규사,216,47,2016-09-01~2036-08-31,울진47
137,1992-02-26,경북 울진군 북면,죽변,규사,274,73,2013-02-01~2020-01-31,죽변73
124,1967-11-25,"경북 울진군 원남면, 경북 울진군 기성면",울진,석회석,275,58,2012-11-01~2032-10-31,울진58
141,2008-06-17,경북 울진군 평해읍,평해,규사,116,17,2011-11-01~2018-10-31,평해17
186,2009-11-26,인천광역시 옹진군 북도면,온수리,규석,55,117,2009-11-27~2029-11-26,온수리117
125,1994-07-19,"경북 포항시 북구 흥해읍, 경북 포항시",포항,"고령토, 규조토",118,55,1994-07-20~2019-06-30,포항55
126,2007-03-22,"경북 포항시 남구 구룡포읍, 경북 포항시 남구 장기면",구룡포,불석,139,134,2007-03-23~2027-03-22,구룡포134
127,1972-07-22,경북 포항시 남구 동해면,포항,고령토,276,30,1997-07-23~2017-06-30,포항30
128,1970-03-30,경북 포항시 구룡포읍,대보,"고령토, 불석",278,110,2005-03-31~2025-03-30,대보110
129,1970-04-13,경북 포항시 구룡포읍,구룡포,"고령토, 불석",278,111,2005-04-01~2025-03-31,구룡포111
130,1993-11-08,"경북 울진군, 강원 삼척군 원덕읍",죽변,규사,223,81,2014-11-01~2021-10-31,죽변81
131,1991-07-30,경북 울진군 후포면,평해,규사,17,30,2012-06-01~2019-05-31,평해30
132,1992-06-10,"경북 울진군 후포면, 경북 울진군 평해읍",평해,규사,69,29,2013-06-01~2020-05-31,평해29
133,1999-11-29,경북 울진군 후포면,평해,규사,275,20,2013-11-30~2020-11-29,평해20
134,1983-10-05,경북 울진군 평해읍,평해,규사,52,30,2011-10-01~2018-09-30,평해30
135,1991-06-19,"경북 울진군 평해읍, 경북 울진군 후포면",평해,규사,275,19,2012-06-01~2019-05-31,평해19
136,1992-02-26,"경북 울진군 북면, 강원 삼척군 원덕읍",죽변,규사,274,72,2013-02-01~2020-01-31,죽변72
138,1992-02-26,"경북 울진군 북면, 강원 삼척군 원덕읍",죽변,규사,137,82,2013-02-01~2020-01-31,죽변82
139,2007-04-10,"경북 울진군 북면, 경북 울진군 죽변면",죽변,규사,47,56,2014-04-11~2019-04-10,죽변56
140,2007-04-10,경북 울진군 북면,죽변,규사,12,66,2014-04-11~2019-04-10,죽변66
142,2003-12-02,"경북 울진군 평해읍, 경북 울진군 기성면",평해,규사,124,16,2010-12-03~2017-12-02,평해16
143,1969-12-22,경북 울진군 평해면,평해,석회석,275,19,2014-12-23~2034-12-22,평해19
144,1978-08-19,경북 울진군 평해면,평해,규사,275,18,2013-08-01~2020-07-31,평해18
145,1980-07-24,"경북 울진군 원남면, 경북 울진군 근남면",울진,규사,275,56,2013-07-01~2020-06-30,울진56
146,1980-05-16,"경북 울진군 근남면, 경북 울진군 원남면",울진,규사,275,46,2013-05-01~2020-04-30,울진46
147,2003-12-02,경북 울진군 기성면,평해,규사,60,15,2010-12-03~2017-12-02,평해15
148,2002-05-27,경북 울진군 기성면,평해,규사,232,21,2016-05-28~2036-05-27,평해21
149,2000-09-14,경북 울진군 기성면,평해,규사,240,22,2014-09-15~2021-09-14,평해22
150,1977-04-27,경북 울진군 기성면,평해,규사,275,23,2012-04-01~2019-03-31,평해23
151,1970-03-27,경북 울진군 기성면,평해,규사,275,31,2016-03-28~2036-03-27,평해31
152,2008-10-06,경북 경주시 양남면,울산,고령토,139,31,2008-10-07~2028-10-06,울산31
153,1978-12-16,경북 울진군 기성면,평해,규사,275,14,2011-12-01~2018-11-30,평해14
154,1987-11-23,강원 동해시,묵호,고령토,221,105,2012-11-01~2032-10-31,묵호105
155,1986-07-04,"강원 동해시, 강원 명주군 옥계면",묵호,고령토,13,104,2011-07-01~2031-06-30,묵호104
156,1961-01-09,"강원 강릉시 주문진읍, 강원 양양군 현남면",주문진,규사,271,116,2014-01-01~2020-12-31,주문진116
157,1994-07-19,강원 강릉시 옥계면,묵호,"고령토, 규석",68,122,1994-07-20~2019-06-30,묵호122
158,1994-05-10,강원 강릉시 옥계면,묵호,고령토,51,123,1994-05-11~2019-04-30,묵호123
159,1989-05-09,"강원 삼척군, 강원 동해시",삼척,석회석,171,52,2014-05-01~2034-04-30,삼척52
160,1986-02-19,강원 양양군 현남면,주문진,규사,68,125,2014-02-01~2021-01-31,주문진125
161,1974-08-22,강원 양양군 현남면,주문진,규사,51,125,2013-08-22~2020-08-21,주문진125
162,1995-05-02,강원 강릉시 옥계면,묵호,규석,33,122,1995-05-03~2020-04-30,묵호122
163,1990-02-14,"강원 삼척군, 강원 삼척군 근덕면",삼척,석회석,253,36,2012-03-01~2032-02-29,삼척36
164,1988-10-17,"강원 삼척군, 강원 삼척군 근덕면",삼척,규석,56,35,2013-10-01~2033-09-30,삼척35
165,1985-05-23,"강원 강릉시 강동면, 강원 강릉시 옥계면",묵호,규석,87,121,2010-05-01~2030-04-30,묵호121
166,1985-12-18,강원 강릉시 옥계면,묵호,규석,67,122,2010-12-01~2030-11-30,묵호122
167,1990-01-15,"충남 당진군 석문면, 경기 화성군 우정면",장고항,규석,5,128,1990-01-16~2014-12-31,장고항128
181,1972-04-17,충남 서산시 안면읍,원산도,규사,10,91,2011-04-01~2018-03-31,원산도91
182,1999-01-02,전남 함평군 손불면,망운,규사,267,72,2011-01-03~2018-01-02,망운72
168,1990-01-15,"충남 당진군 석문면, 경기 화성군 우정면",장고항,규석,260,128,1990-01-16~2014-12-31,장고항128
169,1974-03-26,"충남 서산시 안면읍, 충남 보령시 오천면",원산도,규사,237,103,2013-03-27~2020-03-26,원산도103
185,1983-09-16,강원 고성군 죽왕면,속초,"이트륨, 란타늄",270,141,2008-09-01~2028-08-31,속초141
170,1974-01-08,충남 서산시 안면읍,원산도,규사,251,102,2013-01-09~2020-01-08,원산도102
171,1977-04-23,충남 서천군 서면,서천,규사,186,112,2012-04-01~2019-03-31,서천112
172,1974-05-03,충남 서산시 안면읍,안면도,규사,235,106,2013-05-04~2020-05-03,안면도106
173,1965-01-07,충남 서산시 안면읍,원산도,규사,243,93,2011-01-01~2017-12-31,원산도93
174,1965-01-07,충남 서산시 안면읍,원산도,규사,245,92,2011-01-01~2017-12-31,원산도92
175,1965-01-22,충남 서산시 안면읍,원산도,규사,223,84,2011-01-01~2017-12-31,원산도84
176,1966-06-25,충남 서산시 남면,안면도,규사,206,115,2012-06-01~2019-05-31,안면도115
177,1966-06-25,충남 서산시 남면,안면도,규사,136,125,2012-06-01~2019-05-31,안면도125
178,2016-07-22,경상북도 포항시 남구 장기면,구룡포,불석,69,148,2016-07-23~2036-07-22,구룡포148
179,2015-08-18,강원도 강릉시 강동면,산성우,규석,135,148,2015-08-19~2022-08-18,산성우148
180,1966-06-25,충남 서산시 남면,안면도,규사,265,113,2012-06-01~2019-05-31,안면도113
183,2003-08-29,전남 함평군 손불면,망운,규사,59,71,2010-08-30~2017-08-29,망운71
184,2003-08-29,전남 함평군 손불면,망운,규사,3,71,2010-08-30~2017-08-29,망운71
187,1995-09-20,인천시 옹진군 북도면,주문도,티탄철,273,19,2012-09-01~2017-08-31,주문도19
190,2006-05-15,충남 태안군 소원면,이곡,지르코늄,275,147,2013-05-16~2018-05-15,이곡147
191,2010-10-06,전북 부안군 위도면,하왕등도,철광,279,72,2010-10-07~2030-10-06,하왕등도72
192,2010-10-06,전북 부안군 위도면,하왕등도,철광,279,82,2010-10-07~2030-10-06,하왕등도82
193,2011-03-16,전남 고흥군 도덕면,소록도,"금광, 은광, 규석",283,44,2011-03-17~2031-03-16,소록도44
194,2011-03-16,전남 고흥군 도양읍,소록도,"금광, 은광",283,66,2011-03-17~2031-03-16,소록도66
195,2011-10-18,전남 고흥군 풍양면,소록도,"은광, 연광",283,18,2011-10-19~2031-10-18,소록도18
196,2011-11-21,"인천시 강화군 길상면, 인천시 강화군 화도면",온수리,장석,136,14,2011-11-22~2031-11-21,온수리14
197,2011-12-01,"경북 영덕군 축산면, 경북 영덕군 영덕읍",영덕,"금광, 은광",276,42,2011-12-02~2031-12-01,영덕42
198,2011-12-15,강원 삼척군 근덕면,임원진,장석,98,141,2011-12-16~2031-12-15,임원진141
199,2012-01-03,전남 무안군 운남면,무안,고령토,281,84,2012-01-04~2032-01-03,무안84
200,2012-02-06,"충남 보령시 오천면, 충남 보령시 천북면",대천,규석,69,145,2012-02-07~2032-02-06,대천145
201,2013-03-20,전라남도 무안군 운남면,무안,고령토,44,95,2013-03-21~2020-03-20,무안95
202,2013-07-11,경북 포항시 남구 장기면,구룡포,불석,69,135,2013-07-12~2020-07-11,구룡포135
203,2013-09-26,경남 남해군 창선면,남해,"금광, 은광, 연광, 아연광",259,10,2013-09-27~2020-09-26,남해10
204,2013-10-24,"강원 강릉시 강동면, 강원 강릉시 옥계면",묵호,규석,45,121,2013-10-25~2020-10-24,묵호121
205,2014-02-06,인천시 강화군 교동면,강화,규석,67,114,2014-02-07~2021-02-06,강화114
206,2014-02-06,인천시 강화군 교동면,강화,규석,135,124,2014-02-07~2021-02-06,강화124
207,2014-06-03,경남 남해군 서면,서상,철광,281,101,2014-06-04~2021-06-03,서상101
208,2014-07-03,충남 태안군 원북면,서산,규석,275,131,2014-07-04~2021-07-03,서산131
209,2010-10-06,전북 부안군 위도면,하왕등도,철광,274,81,2010-10-07~2030-10-06,하왕등도81
210,2012-10-22,전남 신안군 지도읍,망운,고령토,23,150,2012-10-23~2019-10-22,망운150
211,2014-07-03,"충남 태안군 원북면, 충남 태안군 이원면",서산,규석,35,121,2014-07-04~2021-07-03,서산121
212,2013-10-24,"강원 강릉시 옥계면, 강원 강릉시 강동면",묵호,규석,89,111,2013-10-24~2020-10-23,묵호111
213,2014-05-07,경남 통영시 도산면,충무,고령토,61,85,2014-05-08~2021-05-07,충무85
214,1993-09-27,전남 진도군 군내면,우수영,고령토,29,126,1993-09-28~2018-08-31,우수영126
215,2016-03-28,경상북도 포항시 남구 장기면,구룡포,불석,40,148,2016-03-29~2036-03-28,구룡포148
216,2016-04-01,울산광역시 울주군 서생면,방어진,고령토,70,98,2016-04-02~2036-04-01,방어진98
218,2016-04-26,"강원도 강릉시 강동면, 강원도 강릉시 옥계면",묵호,규석,45,121,2016-04-27~2036-04-26,묵호121
219,2016-07-11,경상북도 포항시 남구 장기면,구룡포,불석,69,147,2016-07-12~2036-07-11,구룡포147
220,2012-02-16,충남 태안군 소원면,모항,규석,68,55,2012-02-17~2032-02-16,모항55
278,2016-04-07,전남 무안군 청계면,무안,장석,33,64,2016-04-08~2023-04-07,무안64
221,2012-04-30,충남 태안군 소원면,모항,규사,34,63,2012-05-01~2019-04-30,모항63
222,2012-06-13,충남 보령시 남포면,남포,규사,277,123,2012-06-14~2019-06-13,남포123
224,2012-11-09,전남 완도군 금당면,거금도,고령토,141,115,2012-11-10~2032-11-09,거금도115
226,2013-06-20,충남 태안군 소원면,모항,철광,270,65,2013-06-21~2033-06-20,모항65
227,2013-07-19,전남 무안군 청계면,무안,장석,81,64,2013-07-20~2033-07-19,무안64
228,2013-07-24,전남 해남군 화원면,목포,고령토,141,98,2013-07-25~2033-07-24,목포98
229,2013-09-09,경북 경주시 양남면,감포,고령토,134,30,2013-09-10~2033-09-09,감포30
230,2014-06-27,경기 안산시 단원구 풍도동,풍도,석회석,68,64,2014-06-28~2034-06-27,풍도64
231,2012-05-02,경북 포항시 남구 장기면,구룡포,불석,69,137,2012-05-03~2019-05-02,구룡포137
232,2012-07-13,충남 보령시,대천,고령토,40,130,2012-07-14~2019-07-13,대천130
233,2012-10-04,전남 신안군 지도읍,무안,고령토,66,141,2012-10-05~2019-10-04,무안141
234,2012-10-17,충남 태안군 근흥면,모항,규석,68,69,2012-10-18~2019-10-17,모항69
235,2012-10-17,충남 태안군 근흥면,모항,규석,85,70,2012-10-18~2019-10-17,모항70
236,2012-11-19,"부산시 수영구, 부산시 남구",부산,"금광, 은광, 동광, 연광, 아연광",253,81,2012-11-20~2019-11-19,부산81
237,2013-03-12,인천광역시 옹진군 자월면,풍도,"금광, 은광, 텅스텐광, 몰리브덴광",273,112,2013-03-13~2020-03-12,풍도112
238,2013-03-12,인천광역시 옹진군 자월면,풍도,"금광, 은광, 텅스텐광, 몰리브덴광",273,113,2013-03-13~2020-03-12,풍도113
239,2013-03-20,전라남도 무안군 운남면,무안,고령토,67,85,2013-03-21~2020-03-20,무안85
240,2001-10-22,전남 해남군 문내면,우수영,고령토,282,124,2001-10-23~2021-10-22,우수영124
241,2000-12-29,"전남 해남군 황산면, 전남 해남군 문내면",우수영,"금, 은",283,87,2000-12-30~2020-12-29,우수영87
242,2000-12-29,전남 해남군 황산면,우수영,"금, 은",283,77,2000-12-30~2020-12-29,우수영77
243,2009-03-27,전남 무안군 해제면,망운,고령토,26,117,2009-03-28~2029-03-27,망운117
244,2003-09-29,전남 무안군 해제면,망운,고령토,281,116,2003-09-30~2023-09-29,망운116
245,2003-09-30,전남 무안군 망운면,망운,고령토,70,80,2003-10-01~2023-09-30,망운80
246,1999-08-13,"전남 무안군 해제면, 전남 영광군 염산면",망운,규사,281,91,2011-08-14~2018-08-13,망운91
247,1979-09-11,전남 무안군 해제면,망운,규사,223,101,2014-09-01~2021-08-31,망운101
248,2001-12-19,전남 무안군 해제면,망운,고령토,197,115,2001-12-20~2021-12-19,망운115
249,2000-06-27,"전남 무안군 해제면, 전남 함평군 손불면",망운,규사,281,82,2014-06-28~2019-06-27,망운82
250,2005-06-15,전남 무안군 망운면,망운,고령토,70,90,2005-06-16~2025-06-15,망운90
251,2004-12-17,전남 무안군 망운면,망운,고령토,70,80,2004-12-18~2024-12-17,망운80
252,2005-07-28,"전남 무안군 망운면, 전남 무안군 운남면",무안,고령토,281,81,2005-07-29~2025-07-28,무안81
253,2005-06-15,전남 무안군 운남면,무안,고령토,281,82,2005-06-16~2025-06-15,무안82
254,2000-04-29,전남 진도군 조도면,지산,"금, 은, 규석",138,122,2000-04-30~2020-04-29,지산122
255,2000-06-30,전남 진도군 조도면,지산,"금, 은",39,123,2000-07-01~2020-06-30,지산123
256,2000-12-19,경기 안산시 풍도동,풍도,규사,274,44,2014-12-20~2021-12-19,풍도44
257,2005-11-21,전북 군산시 옥도면,장자도,고령토,139,21,2005-11-22~2025-11-21,장자도21
258,1994-02-18,전북 고창군 해리면,위도,"고령토, 규석",66,20,1994-02-19~2019-01-31,위도20
259,1994-02-18,전북 고창군 해리면,위도,고령토,70,10,1994-02-19~2019-01-31,위도10
260,1992-11-12,전북 고창군 해리면,법성포,고령토,262,11,1992-11-13~2017-10-31,법성포11
261,1977-04-23,충남 서천군 서면,서천,규사,82,122,2012-04-01~2019-03-31,서천122
262,2015-08-18,강원도 강릉시 강동면,산성우,규석,271,149,2015-08-19~2022-08-18,산성우149
263,2015-09-30,경북 포항시 남구 호미곶면,대보,불석,115,127,2015-09-30~2022-10-01,대보127
264,2015-09-30,"경상북도 포항시 남구 동해면, 경상북도 포항시 남구 호미곶면",대보,불석,69,138,2015-09-30~2022-10-01,대보138
265,2015-11-27,강원도 강릉시 강동면,강릉,규석,271,8,2015-11-28~2022-11-27,강릉8
266,2016-04-26,"강원도 강릉시 강동면, 강원도 강릉시 옥계면",묵호,규석,74,121,2016-04-27~2023-04-26,묵호121
268,2016-06-08,"강원도 강릉시 옥계면, 강원도 강릉시 강동면",묵호,규석,77,111,2016-06-09~2023-06-08,묵호111
269,2016-10-11,강원도 삼척시 근덕면,임원진,"은광, 지르코늄광",85,123,2016-10-12~2023-10-11,임원진123
270,2016-02-03,인천광역시 옹진군 영흥면,영흥도,규석,136,70,2016-02-04~2036-02-03,영흥도70
271,2016-07-06,전라남도 무안군 운남면,무안,고령토,140,112,2016-07-07~2023-07-06,무안112
272,2016-02-25,전남 무안군 해제면,망운,"금광, 은광",172,104,2016-02-26~2023-02-25,망운104
274,2016-07-11,전라남도 해남군 화원면,목포,아연광,282,125,2016-07-12~2036-07-11,목포125
275,2015-09-23,"전남 해남군 현산면, 전남 해남군 북평면",남창,규석,70,86,2015-09-24~2022-09-23,남창86
277,2016-04-21,인천광역시 옹진군 덕적면,선갑도,고령토,68,133,2016-04-22~2036-04-21,선갑도133
279,2015-11-10,인천광역시 강화군 화도면,온수리,장석,61,64,2015-11-11~2022-11-10,온수리64
